Energy,Total Scattered Spectrum
0.1000000015,2115260557.8515644
0.1099999994,4661709396.265954
0.1199999973,1351787496.3434415
0.1299999952,984941380.77618
0.1400000006,435298739.75525767
0.150000006,271123399.3778286
0.1599999964,190179172.99865025
0.1700000018,163996803.41709638
0.1800000072,155513057.29698065
0.1899999976,159498667.09249935
0.200000003,142790867.4215525
0.2099999934,143668396.5550129
0.2199999988,127790642.3385733
0.2300000042,134818903.39675578
0.2399999946,129386576.47338556
0.25,131097212.4392789
0.2599999905,133221539.40110894
0.2700000107,151727427.59293672
0.2800000012,162964389.48025614
0.2899999917,142472775.4931123
0.3000000119,165218650.98746666
0.3100000024,129086237.63320456
0.3199999928,105907251.32898109
0.3300000131,137804876.98426148
0.3400000036,108879033.34790152
0.349999994,137715878.04946816
0.3600000143,98430650.19908324
0.3700000048,155906066.64225522
0.3799999952,118712638.49490406
0.3899999857,83848986.56668569
0.400000006,88710856.63457249
0.4099999964,96193418.53305234
0.4199999869,74546319.15510176
0.4300000072,73417441.46430708
0.4399999976,80503731.01077057
0.4499999881,67971877.34067181
0.4600000083,70687812.36573672
0.4699999988,63203273.84309233
0.4799999893,68305751.84758714
0.4900000095,62409116.57417314
0.5,88128649.34691721
0.5099999905,65426972.42157527
0.5199999809,60207030.604707584
0.5299999714,60591351.07908188
0.5400000215,57921329.22519232
0.5500000119,53265011.88244232
0.5600000024,58333054.44972716
0.5699999928,55736287.91267005
0.5799999833,49426735.4063848
0.5899999738,55524611.93642015
0.6000000238,48066015.20618106
0.6100000143,52072541.40359844
0.6200000048,47026654.88385663
0.6299999952,71680341.8412299
0.6399999857,42403882.66402676
0.6499999762,245827958.97702152
0.6600000262,56223943.0231669
0.6700000167,47802998.247236766
0.6800000072,47165548.79115499
0.6899999976,40326832.767452486
0.6999999881,121501881.20944884
0.7099999785,46488573.18399161
0.7200000286,39367670.42227984
0.7300000191,226118022.0439271
0.7400000095,133376165.11150792
0.75,42631347.32824735
0.7599999905,143054855.84416118
0.7699999809,427158664.6962386
0.7799999714,136636988.4589391
0.7900000215,122142553.11011614
0.8000000119,78837234.59291503
0.8100000024,124354464.5077843
0.8199999928,223187961.16899723
0.8299999833,378106130.3072172
0.8399999738,212877552.8611096
0.8500000238,246444800.79664144
0.8600000143,338231488.6520011
0.8700000048,582003258.859476
0.8799999952,303309889.19965696
0.8899999857,321490783.96239483
0.8999999762,482835259.30642873
0.9100000262,341938918.65789366
0.9200000167,1034739244.3153251
0.9300000072,323551878.91274595
0.9399999976,400270588.6997669
0.9499999881,366130419.1570056
0.9599999785,458607518.6608297
0.9700000286,1175307897.660011
0.9800000191,175427886.44915897
0.9900000095,366954276.1141361
1.0,501958228.3424351
1.00999999,993073233.6075528
1.019999981,485418655.45326674
1.029999971,174939209.42209238
1.039999962,363225905.9198232
1.049999952,569953978.2677408
1.059999943,372484816.5059494
1.070000052,162084137.9852204
1.080000043,237653328.5684954
1.090000033,188122363.75330943
1.100000024,153336856.98901805
1.110000014,121358127.09271646
1.120000005,84866597.58564216
1.129999995,255552403.04429063
1.139999986,37081900.35244834
1.149999976,101986274.06888756
1.159999967,83385406.57044269
1.169999957,99254593.65892582
1.179999948,49440737.96903718
1.190000057,41154557.94129643
1.200000048,50789477.85553706
1.210000038,36894880.41100709
1.220000029,32645380.78112691
1.230000019,33280406.62039043
1.24000001,57473870.832203
1.25,32247416.852482542
1.25999999,75675951.1037723
1.269999981,26214582.88282232
1.279999971,56153851.39839194
1.289999962,28684383.71419968
1.299999952,54499987.76765911
1.309999943,126684759.48467104
1.320000052,39730316.18425176
1.330000043,47069766.28091724
1.340000033,50826025.987471886
1.350000024,118141946.74941084
1.360000014,43673870.97264783
1.370000005,57153041.74826248
1.379999995,59146782.726208
1.389999986,24276294.82717972
1.399999976,16316284.672899803
1.409999967,35287549.34827713
1.419999957,39706698.209600896
1.429999948,14421176.583264884
1.440000057,22840651.719316818
1.450000048,50289054.24363742
1.460000038,12740680.508444771
1.470000029,236584581.51326644
1.480000019,15189630.38764096
1.49000001,39393569.56386201
1.5,11696948.04212439
1.50999999,13217779.986315928
1.519999981,16070674.85198824
1.529999971,9768791.693119287
1.539999962,9421056.217007048
1.549999952,16346011.729216056
1.559999943,13525331.407138392
1.570000052,19854488.40555309
1.580000043,23055910.50708335
1.590000033,9974068.97525923
1.600000024,21080530.99314972
1.610000014,9649237.416129172
1.620000005,8100288.712168646
1.629999995,7379701.178423248
1.639999986,7531977.701542563
1.649999976,6957739.969232521
1.659999967,16916405.91321756
1.669999957,7608718.612394704
1.679999948,7690396.654749394
1.690000057,6698203.486767898
1.700000048,8800396.948297415
1.710000038,6820761.816460884
1.720000029,6821043.74790796
1.730000019,27042283.956913933
1.74000001,31318032.331395183
1.75,5901105.891415564
1.75999999,5920410.631185427
1.769999981,5662387.812047065
1.779999971,5664482.165924748
1.789999962,5444991.509419784
1.799999952,5624103.90399099
1.809999943,5348447.35096684
1.820000052,5381489.906072553
1.830000043,5643403.325673673
1.840000033,99359655.66331038
1.850000024,42451351.25193122
1.860000014,22746435.616850328
1.870000005,176042668.6381864
1.879999995,8076333.766004091
1.889999986,4611102.327885464
1.899999976,4569211.868574556
1.909999967,4459804.2232156135
1.919999957,4408403.888298199
1.929999948,4277588.934711735
1.940000057,4210371.205646078
1.950000048,4366577.696059093
1.960000038,4600293.10683939
1.970000029,4321982.682132473
1.980000019,9101489.110593982
1.99000001,6660997.148484312
2.0,58978846.000007264
2.00999999,109664124.21444334
2.019999981,3967649.905711559
2.029999971,3942488.400316135
2.039999962,3837587.649883486
2.049999952,5725108.13537418
2.059999943,3741321.738629579
2.069999933,3665681.5560427774
2.079999924,3608093.753660281
2.089999914,3560153.269807446
2.099999905,3500781.779903775
2.109999895,3469906.7391946795
2.119999886,3767053.7608404094
2.130000114,4803783.203327913
2.140000105,3711745.0938173495
2.150000095,4061062.492769928
2.160000086,3757237.355658762
2.170000076,3119694.055307011
2.180000067,25935801.91141118
2.190000057,3018014.07305898
2.200000048,2969319.086131812
2.210000038,3175710.460512929
2.220000029,2876531.324571444
2.230000019,3411058.1387038804
2.24000001,3002573.073578574
2.25,2806014.142662861
2.25999999,2690576.8769703056
2.269999981,2948254.408060797
2.279999971,2698514.797193303
2.289999962,10144605.796982905
2.299999952,3000256.3696634453
2.309999943,2614665.583143768
2.319999933,2728794.6876779883
2.329999924,2625614.971684293
2.339999914,2588395.2321165297
2.349999905,5948917.339645933
2.359999895,2298012.474657901
2.369999886,2657008.8206666964
2.380000114,17233167.94391501
2.390000105,2424630.0729367137
2.400000095,2280350.2843379606
2.410000086,2115054.3542347807
2.420000076,2278955.0899098567
2.430000067,19837823.09183483
2.440000057,3280502.2966925832
2.450000048,11750464.887993548
2.460000038,37399633.04360022
2.470000029,2046409.858512879
2.480000019,2011676.1843097643
2.49000001,1992221.411871672
2.5,1948924.2035299696
2.50999999,6316679.289351295
2.519999981,1962018.2706615047
2.529999971,1852327.2366765745
2.539999962,1829759.640903795
2.549999952,1793091.7972501337
2.559999943,1811053.5191436636
2.569999933,3596701.58534794
2.579999924,1713207.0246530238
2.589999914,2134954.709259052
2.599999905,2009680.1037445248
2.609999895,1755501.3749123898
2.619999886,8658871.734147962
2.630000114,1670022.8585882294
2.640000105,1557376.360785083
2.650000095,1555310.5445116982
2.660000086,1509710.6434851582
2.670000076,1486816.0622802505
2.680000067,1596292.1773013668
2.690000057,1572331.560929042
2.700000048,1548445.505760072
2.710000038,1535559.7111408834
2.720000029,1502019.5496454742
2.730000019,1507998.57222231
2.74000001,1457202.242682946
2.75,1435318.3675025413
2.75999999,1473998.1134910986
2.769999981,1394940.0033288973
2.779999971,1411702.3283548243
2.789999962,1492450.8542968647
2.799999952,1343033.5313414126
2.809999943,1354218.837360019
2.819999933,1330324.8005661028
2.829999924,1874363.4721461772
2.839999914,1312946.2313317014
2.849999905,1235590.231577673
2.859999895,1216328.0306315443
2.869999886,1198154.1251937244
2.880000114,4734212.708493593
2.890000105,1162275.4288207197
2.900000095,1144969.4776669152
2.910000086,1127957.8531272656
2.920000076,1111222.403224282
2.930000067,1095496.2983663096
2.940000057,1081374.7119764625
2.950000048,1069518.9784738976
2.960000038,1285555.3315222205
2.970000029,1104306.373308184
2.980000019,1045628.3743132144
2.99000001,1001038.081426119
3.0,986579.3483844372
3.00999999,971647.1185314556
3.019999981,1069871.3695465734
3.029999971,2071142.542282147
3.039999962,949267.8425653528
3.049999952,1018817.6763812432
3.059999943,937895.7452273776
3.069999933,920730.1651354646
3.079999924,902633.4074190824
3.089999914,892377.4909271622
3.099999905,2431442.937991807
3.109999895,1756763.8078506824
3.119999886,1237908.829878221
3.130000114,1372464.202587653
3.140000105,2655080.375009349
3.150000095,871088.7588933862
3.160000086,798060.4507447499
3.170000076,767234.5303603992
3.180000067,799879.5512715875
3.190000057,750705.8464046497
3.200000048,736783.6438035615
3.210000038,725681.2889278883
3.220000029,716592.3957598496
3.230000019,719500.16763238
3.24000001,709263.4813934185
3.25,699475.296651315
3.25999999,690400.2042098015
3.269999981,694431.3188719264
3.279999971,834880.4796882104
3.289999962,677168.6725508545
3.299999952,657324.4165268898
3.309999943,644332.2964410308
3.319999933,715329.0840545685
3.329999924,627756.9629609317
3.339999914,613289.4245756951
3.349999905,672605.8525104192
3.359999895,595705.0829927946
3.369999886,587189.9428576251
3.380000114,578951.080853027
3.390000105,570532.9048242674
3.400000095,562341.7228000293
3.410000086,555475.945300135
3.420000076,547139.9844501088
3.430000067,538578.1481628712
3.440000057,534877.7663328825
3.450000048,523340.75837193226
3.460000038,516078.18952852377
3.470000029,552288.8556031582
3.480000019,505985.69805863465
3.49000001,515394.0474475487
3.5,508162.02783211565
3.50999999,595683.0187717023
3.519999981,478383.7027480805
3.529999971,469935.1498142435
3.539999962,463253.0178250488
3.549999952,456665.1442200496
3.559999943,450225.2857933211
3.569999933,443855.8032990224
3.579999924,438491.3613544997
3.589999914,431986.2711125245
3.599999905,429543.632945752
3.609999895,423536.14480111166
3.619999886,468291.7539622476
3.630000114,414239.7802391872
3.640000105,407510.9491422606
3.650000095,396229.4099721981
3.660000086,390637.3794890112
3.670000076,385104.0916730129
3.680000067,408791.2490831112
3.690000057,374274.2269458611
3.700000048,371674.7100545404
3.710000038,363792.0839088824
3.720000029,358668.0613515709
3.730000019,353622.5182723814
3.74000001,348629.8947016647
3.75,343714.95719207474
3.75999999,338962.85888384463
3.769999981,334382.4095379278
3.779999971,329833.46924061974
3.789999962,358169.82995802216
3.799999952,353188.0274585618
3.809999943,348206.22495910147
3.819999933,343224.42245964106
3.829999924,338242.6199601807
3.839999914,333260.81746072037
3.849999905,328279.01496126
3.859999895,323297.2124617997
3.869999886,318315.4099623393
3.880000114,313333.6074628789
3.890000105,308351.8049634186
3.900000095,303370.0024639582
3.910000086,298388.1999644979
3.920000076,293406.39746503753
3.930000067,288424.5949655771
3.940000057,283442.7924661168
3.950000048,278460.98996665643
3.960000038,273479.1874671961
3.970000029,268497.38496773574
3.980000019,263515.58246827533
3.99000001,258533.77996881498
4.0,253551.97746935464
4.010000229,248570.1749698943
4.019999981,243588.37247043394
4.03000021,238606.56997097356
4.039999962,233624.7674715132
4.050000191,228642.96497205284
4.059999943,223661.1624725925
4.070000172,224426.1159538368
4.079999924,218843.654660602
4.090000153,214057.32553005492
4.099999905,215334.71079782845
4.110000134,216129.0922056609
4.119999886,214798.7439538395
4.130000114,202839.2801869162
4.139999866,200069.96375990336
4.150000095,198956.2552387377
4.159999847,194673.3690310177
4.170000076,191979.1334214616
4.179999828,189372.05401316148
4.190000057,186782.55522556015
4.199999809,184255.8120596848
4.210000038,181727.62736091844
4.21999979,179245.6899558611
4.230000019,176809.36370746887
4.239999771,174381.36187929192
4.25,172670.73476100233
4.260000229,169854.15835653548
4.269999981,167345.79489148114
4.28000021,165114.4367255291
4.289999962,162822.48820947125
4.300000191,160678.5297930377
4.309999943,158416.41979037746
4.320000172,156257.59781753024
4.329999924,154279.17538288984
4.340000153,154447.77693562506
4.349999905,150013.8388733157
4.360000134,147963.98638160693
4.369999886,145967.60030507145
4.380000114,144024.39427562905
4.389999866,142240.84655736494
4.400000095,140235.7014544816
4.409999847,139219.82256940694
4.420000076,136388.78973609654
4.429999828,135611.81349982336
4.440000057,132764.59408829996
4.449999809,130976.35542069848
4.460000038,129213.796737246
4.46999979,129388.67042411013
4.480000019,128043.4228090578
4.489999771,125967.13659384468
4.5,127471.94335529796
4.510000229,176286.6671483507
4.519999981,126300.65945084272
4.53000021,124263.85941483086
4.539999962,116043.01187443944
4.550000191,114398.3325085194
4.559999943,112856.01549854044
4.570000172,111329.9222273294
4.579999924,206303.8594875796
4.590000153,108358.12679140024
4.599999905,106902.68131299228
4.610000134,105467.16733074104
4.619999886,105296.671227499
4.630000114,102703.34617815042
4.639999866,101283.52894667097
4.650000095,99935.86482868632
4.659999847,98606.32408469533
4.670000076,97295.23906239372
4.679999828,96006.67136151536
4.690000057,94829.03763552645
4.699999809,97739.8530448689
4.710000038,92303.1292912399
4.71999979,92935.79848225878
4.730000019,116215.12118452931
4.739999771,95288.13611444412
4.75,96905.6549237022
4.760000229,89576.1778005717
4.769999981,85130.88042857496
4.78000021,84025.58937747499
4.789999962,83003.91576323284
4.800000191,81873.73757896427
4.809999943,80749.97561466428
4.820000172,105521.98261128974
4.829999924,89014.34386246644
4.840000153,79736.81813781876
4.849999905,76502.0598062479
4.860000134,78077.32044481329
4.869999886,74483.5884963676
4.880000114,78939.20243558427
4.889999866,73802.66203419631
4.900000095,71684.0357424902
4.909999847,73481.45263430939
4.920000076,70589.92937136925
4.929999828,79828.64723503766
4.940000057,68168.02782242275
4.949999809,67631.96457777743
4.960000038,66912.16767384425
4.96999979,66192.37076991105
4.980000019,65472.57386597787
4.989999771,64752.77696204469
5.0,64032.980058111505
5.010000229,63313.18315417832
5.019999981,62593.38625024514
5.03000021,61873.58934631195
5.039999962,61153.79244237876
5.050000191,60433.99553844558
5.059999943,59714.198634512395
5.070000172,58994.40173057921
5.079999924,58274.60482664603
5.090000153,57554.80792271284
5.099999905,56835.01101877965
5.110000134,56115.21411484647
5.119999886,55395.41721091329
5.130000114,54675.620306980105
5.139999866,53955.82340304692
5.150000095,53236.02649911374
5.159999847,52516.22959518055
5.170000076,51796.43269124736
5.179999828,51076.63578731418
5.190000057,50356.838883380995
5.199999809,49637.04197944781
5.210000038,48917.24507551463
5.21999979,48197.44817158144
5.230000019,47477.65126764825
5.239999771,46757.85436371507
5.25,46038.057459781885
5.260000229,45318.2605558487
5.269999981,44598.46365191552
5.28000021,43878.66674798234
5.289999962,43158.86984404915
5.300000191,42439.07294011596
5.309999943,41890.20656165241
5.320000172,41348.635942411136
5.329999924,40814.17943096701
5.340000153,40286.59489133834
5.349999905,39765.92221931328
5.360000134,39252.05972235423
5.369999886,38744.88625354086
5.380000114,38247.02674960412
5.389999866,37753.72892428437
5.400000095,37289.83492935625
5.409999847,36817.97665827276
5.420000076,36327.21861229269
5.429999828,35847.21128694945
5.440000057,35411.45815008729
5.449999809,44261.25423716876
5.460000038,35219.47240967048
5.46999979,34207.65971230831
5.480000019,33676.71258172946
5.489999771,33204.76278837933
5.5,32788.130435991625
5.510000229,32328.40853621158
5.519999981,31892.73412260058
5.53000021,31479.992537720493
5.539999962,31148.38571755524
5.550000191,30708.6925213865
5.559999943,30327.07766040998
5.570000172,29902.20180836932
5.579999924,30249.36033394462
5.590000153,29116.87699226417
5.599999905,29127.402313540133
5.610000134,29226.125799591773
5.619999886,28007.12868966976
5.630000114,31306.41123661757
5.639999866,27856.54825118908
5.650000095,32317.02866045699
5.659999847,27702.08273225686
5.670000076,27407.66303421476
5.679999828,27113.243336172658
5.690000057,26818.823638130558
5.699999809,26524.403940088458
5.710000038,26229.984242046357
5.71999979,25935.564544004257
5.730000019,25641.14484596216
5.739999771,25346.725147920057
5.75,25052.30544987796
5.760000229,24757.88575183586
5.769999981,24463.46605379376
5.78000021,24169.04635575166
5.789999962,23874.62665770956
5.800000191,23580.20695966746
5.809999943,23285.78726162536
5.820000172,22991.36756358326
5.829999924,22696.94786554116
5.840000153,22402.52816749906
5.849999905,22108.108469456958
5.860000134,21813.688771414858
5.869999886,21519.269073372758
5.880000114,21224.84937533066
5.889999866,20930.429677288557
5.900000095,20636.00997924646
5.909999847,20341.590281204357
5.920000076,20047.17058316226
5.929999828,19752.75088512016
5.940000057,19458.33118707806
5.949999809,19163.91148903596
5.960000038,18869.49179099386
5.96999979,18575.07209295176
5.980000019,18280.65239490966
5.989999771,17986.23269686756
6.0,17691.81299882546
6.010000229,17397.39330078336
6.019999981,17102.97360274126
6.03000021,16808.55390469916
6.039999962,16514.134206657058
6.050000191,16219.71450861496
6.059999943,15925.29481057286
6.070000172,15724.921161649158
6.079999924,15526.731879838224
6.090000153,15331.445321792797
6.099999905,15138.932715690116
6.110000134,15029.380488862158
6.119999886,14760.467144594197
6.130000114,14579.02833773722
6.139999866,14405.813041380894
6.150000095,15035.427859849682
6.159999847,14038.20196781735
6.170000076,14140.937494043945
6.179999828,13681.340546840622
6.190000057,13509.15793458053
6.199999809,13337.36138791769
6.210000038,13171.711263939143
6.21999979,13007.989402217869
6.230000019,12840.626044760133
6.239999771,12679.465626567022
6.25,12530.429083632938
6.260000229,12372.347795368694
6.269999981,12269.33789843649
6.28000021,12059.695103588016
6.289999962,11920.065031746944
6.300000191,11769.796019549356
6.309999943,11611.08926926095
6.320000172,11503.92756287457
6.329999924,11416.162410051928
6.340000153,11367.384153692989
6.349999905,11427.61302877265
6.360000134,10963.735941928724
6.369999886,10761.978529335132
6.380000114,10629.746612527992
6.389999866,11096.807664846943
6.400000095,10771.370640858016
6.409999847,14965.692920909154
6.420000076,12594.89035147923
6.429999828,11099.30422009234
6.440000057,11681.89232551154
6.449999809,10683.92834383899
6.460000038,12838.37750742639
6.46999979,15769.004182830766
6.480000019,17016.245912731425
6.489999771,11270.178972385114
6.5,28345.90682512012
6.510000229,26786.704991638948
6.519999981,12524.052630641732
6.53000021,16453.146958608628
6.539999962,34648.79370355531
6.550000191,54538.77299151618
6.559999943,9232.91762788861
6.570000172,24744.912655431795
6.579999924,83807.49899440212
6.590000153,123094.49516598562
6.599999905,44214.314885631145
6.610000134,61066.47588222581
6.619999886,88293.01621256562
6.630000114,71586.54128870864
6.639999866,87714.2219438488
6.650000095,58845.01575938315
6.659999847,47171.479417473056
6.670000076,19821.7678674195
6.679999828,40449.99025320788
6.690000057,25617.003989829394
6.699999809,41419.464704039776
6.710000038,7020.821222292054
6.71999979,6955.213983237447
6.730000019,6849.434934875693
6.739999771,6763.805079224706
6.75,6677.43892940995
6.760000229,6601.332731894622
6.769999981,6513.115923862297
6.78000021,6433.728799240163
6.789999962,6352.318542416867
6.800000191,6273.5614912363735
6.809999943,6195.726934947224
6.820000172,6120.102046455331
6.829999924,6042.926991671612
6.840000153,5973.912805615152
6.849999905,5894.707586647603
6.860000134,5822.293062492789
6.869999886,5749.029879025774
6.880000114,5678.1548494242725
6.889999866,5607.049074450166
6.900000095,5537.723290873321
6.909999847,5469.25450338938
6.920000076,5418.626982598465
6.929999828,5367.999461807548
6.940000057,5317.371941016632
6.949999809,5266.744420225717
6.960000038,5216.1168994348
6.96999979,5165.489378643884
6.980000019,5114.861857852968
6.989999771,5064.234337062052
7.0,5013.606816271136
7.010000229,4962.97929548022
7.019999981,4912.351774689304
7.03000021,4861.724253898388
7.039999962,4811.096733107472
7.050000191,4760.469212316556
7.059999943,4709.84169152564
7.070000172,4659.214170734724
7.079999924,4608.586649943808
7.090000153,4557.959129152891
7.099999905,4507.331608361976
7.110000134,4456.70408757106
7.119999886,4406.076566780143
7.130000114,4355.449045989228
7.139999866,4304.821525198311
7.150000095,4254.194004407395
7.159999847,4203.56648361648
7.170000076,4152.938962825563
7.179999828,4102.311442034647
7.190000057,4051.6839212437317
7.199999809,4001.056400452815
7.210000038,3950.4288796618994
7.21999979,3899.801358870983
7.230000019,3849.173838080067
7.239999771,3798.5463172891514
7.25,3747.918796498235
7.260000229,3697.291275707319
7.269999981,3646.6637549164034
7.28000021,3596.036234125487
7.289999962,3545.408713334571
7.300000191,3494.7811925436554
7.309999943,3444.153671752739
7.320000172,3393.526150961823
7.329999924,3342.898630170907
7.340000153,3292.271109379991
7.349999905,3241.643588589075
7.360000134,3191.016067798159
7.369999886,3140.388547007243
7.380000114,3089.7610262163266
7.389999866,3039.133505425411
7.400000095,2988.505984634495
7.409999847,2952.269969043963
7.420000076,2916.545621395278
7.429999828,2881.254432639029
7.440000057,2846.236474156087
7.449999809,2811.8478326200534
7.460000038,2777.641335224012
7.46999979,2743.9866189006248
7.480000019,2710.742675952715
7.489999771,2680.095697364795
7.5,2647.2375039536496
7.510000229,2615.5569729249382
7.519999981,2583.4777152712004
7.53000021,2552.2079616302385
7.539999962,2521.336582033147
7.550000191,2493.042426576288
7.559999943,2468.949043363717
7.570000172,2430.770313578603
7.579999924,2404.332265692351
7.590000153,2372.261222037608
7.599999905,2343.5308704108006
7.610000134,2315.1547509216416
7.619999886,2289.363194776302
7.630000114,2259.4324027837733
7.639999866,2234.626009751584
7.650000095,2205.0557869241925
7.659999847,2178.3601155461765
7.670000076,2151.990650883793
7.679999828,2125.9394572983947
7.690000057,2100.2130025250017
7.699999809,2077.8536472565497
7.710000038,2220.533139419444
7.71999979,2025.289832558515
7.730000019,2182.7642452697905
7.739999771,2118.10708919562
7.75,1999.7876074208464
7.760000229,2165.9640850706696
7.769999981,2715.959349745194
7.78000021,6126.076810502584
7.789999962,3627.611632381328
7.800000191,1893.522048691976
7.809999943,2258.18856623408
7.820000172,2635.565394495617
7.829999924,1773.122509065911
7.840000153,1750.146718084942
7.849999905,1728.7059318485044
7.860000134,1707.6582604192374
7.869999886,1948.479145422824
7.880000114,2755.199162108748
7.889999866,1646.3101061760765
7.900000095,1626.3939796599395
7.909999847,1606.8657911627993
7.920000076,1587.6261304651462
7.929999828,1568.61682343618
7.940000057,1549.8370565775713
7.949999809,1531.281521761254
7.960000038,1513.1174861659597
7.96999979,1494.8388638156248
7.980000019,1476.9436967827974
7.989999771,1459.2643425437047
8.0,1441.7972251129718
8.010000229,1424.538724050517
8.020000458,1407.4894571974237
8.029999733,1390.6437932105778
8.039999962,1374.0002849485184
8.050000191,1357.556178215623
8.06000042,1341.3099987365529
8.069999695,1325.2597327704325
8.079999924,1309.401103312147
8.090000153,1293.7322557336986
8.100000381,1278.2558586506138
8.109999657,1274.5289346128625
8.119999886,1251.139436775999
8.130000114,1246.4610419451546
8.140000343,1222.6430277862123
8.149999619,1217.1958053993174
8.159999847,1499.8887384702753
8.170000076,2521.3060986811784
8.180000305,1810.9231244688228
8.18999958,1147.0289728791709
8.199999809,1142.1331230273945
8.210000038,1550.654968410743
8.220000267,1107.2102014509828
8.229999542,1093.1217654817683
8.239999771,1080.0709092555635
8.25,1067.17195716505
8.260000229,1054.365072029977
8.270000458,1041.7546130605813
8.279999733,1029.2965585474176
8.289999962,1316.0922593690752
8.300000191,1005.7362336453102
8.31000042,994.0907730095042
8.319999695,981.1680770791452
8.329999924,974.2980857253054
8.340000153,1104.196532195018
8.350000381,1449.2661780352096
8.359999657,1073.0514243822845
8.369999886,923.6721824715012
8.380000114,913.9395142394708
8.390000343,1059.6013244619098
8.399999619,890.9655513448719
8.409999847,880.4633207909445
8.420000076,869.7652824821738
8.430000305,862.3998409359947
8.43999958,1188.1470564345695
8.449999809,1175.2992741119763
8.460000038,1162.4514917893832
8.470000267,1149.60370946679
8.479999542,1136.7559271441967
8.489999771,1123.9081448216036
8.5,1111.0603624990104
8.510000229,1098.2125801764173
8.520000458,1085.364797853824
8.529999733,1072.5170155312308
8.539999962,1059.6692332086377
8.550000191,1046.8214508860444
8.56000042,1033.9736685634512
8.569999695,1021.1258862408581
8.579999924,1008.2781039182648
8.590000153,995.4303215956717
8.600000381,982.5825392730785
8.609999657,969.7347569504852
8.619999886,956.8869746278921
8.630000114,944.0391923052989
8.640000343,931.1914099827056
8.649999619,918.3436276601126
8.659999847,905.4958453375193
8.670000076,892.6480630149262
8.680000305,879.800280692333
8.68999958,866.9524983697397
8.699999809,854.1047160471466
8.710000038,841.2569337245534
8.720000267,828.4091514019601
8.729999542,815.5613690793671
8.739999771,802.7135867567738
8.75,789.8658044341806
8.760000229,777.0180221115875
8.770000458,764.1702397889942
8.779999733,751.322457466401
8.789999962,738.4746751438079
8.800000191,725.6268928212146
8.81000042,712.7791104986214
8.819999695,699.9313281760283
8.829999924,687.083545853435
8.840000153,674.2357635308418
8.850000381,661.3879812082487
8.859999657,648.5401988856555
8.869999886,635.6924165630624
8.880000114,622.8446342404691
8.890000343,609.9968519178759
8.899999619,597.1490695952828
8.909999847,584.3012872726896
8.920000076,571.4535049500963
8.930000305,558.6057226275032
8.93999958,545.75794030491
8.949999809,532.9101579823167
8.960000038,520.0623756597236
8.970000267,507.2145933371304
8.979999542,494.36681101453723
8.989999771,481.51902869194396
9.0,468.6712463693508
9.010000229,455.82346404675764
9.020000458,442.9756817241645
9.029999733,430.1278994015712
9.039999962,417.280117078978
9.050000191,412.4530991816939
9.06000042,408.0425142930334
9.069999695,404.7745436036845
9.079999924,399.4482143904684
9.090000153,393.6617454955581
9.100000381,388.87698177670455
9.109999657,385.1557970670444
9.119999886,379.77417441024113
9.130000114,375.3461038919905
9.140000343,370.9428137602921
9.149999619,366.65036584960217
9.159999847,362.4340188792477
9.170000076,358.17946567221475
9.180000305,354.23020792792875
9.18999958,349.7570591507686
9.199999809,345.6680640470823
9.210000038,341.6266186160922
9.220000267,337.63251790060525
9.229999542,333.6852364406284
9.239999771,329.7844978698326
9.25,325.9291096002237
9.260000229,322.11887632811283
9.270000458,318.3532667332287
9.279999733,314.6321716076339
9.289999962,310.95423571464715
9.300000191,307.3193671072002
9.31000042,303.72705922985193
9.319999695,300.1768404258776
9.329999924,296.66846191200244
9.340000153,293.20085253226875
9.350000381,289.7738369784725
9.359999657,286.3869656058928
9.369999886,283.0400010699027
9.380000114,279.73192209404147
9.390000343,276.4625614864117
9.399999619,273.231490732006
9.409999847,270.03848331144536
9.420000076,266.8825657247848
9.430000305,263.7635777514943
9.43999958,260.6811119979895
9.449999809,257.63495189751427
9.460000038,254.6305764605372
9.470000267,251.64862773912765
9.479999542,248.7093005956357
9.489999771,245.8113174364585
9.5,242.9349282247174
9.510000229,240.09592646579972
9.520000458,237.42129765378309
9.529999733,235.20431677810413
9.539999962,231.88388935011463
9.550000191,229.34920917782253
9.56000042,226.38869496106705
9.569999695,223.81596611066004
9.579999924,221.32462557822865
9.590000153,218.54539644777415
9.600000381,215.9908244854126
9.609999657,213.46713842924464
9.619999886,210.97315038850013
9.630000114,208.50810703798783
9.640000343,206.071882604076
9.649999619,203.66415933850823
9.659999847,201.38797689003675
9.670000076,198.97062190836317
9.680000305,196.66933086822948
9.68999958,194.3939990355426
9.699999809,192.1464699833055
9.710000038,189.9233654590235
9.720000267,187.72793985951805
9.729999542,185.61468220443405
9.739999771,183.66758786825028
9.75,181.29619419823632
9.760000229,179.25183418839808
9.770000458,177.118963297781
9.779999733,175.0718741411199
9.789999962,173.12170437117933
9.800000191,171.0450223742598
9.81000042,169.06706444292078
9.819999695,167.11224425962385
9.829999924,165.18061561950216
9.840000153,163.2696807838947
9.850000381,161.54485997367516
9.859999657,159.51590975905114
9.869999886,157.70729704850038
9.880000114,155.8483726246539
9.890000343,154.07805119097878
9.899999619,152.2871472311397
9.909999847,150.50548019819993
9.920000076,148.85400825218863
9.930000305,147.04500458114876
9.93999958,145.359023168032
9.949999809,143.66473957543198
9.960000038,142.04711099955992
9.970000267,140.38010064271015
9.979999542,138.75073421215893
9.989999771,137.13610419324095
10.0,135.55047121395495
10.01000023,133.9840332085227
10.02000046,132.43567056173296
10.02999973,130.90388211566682
10.03999996,129.39075369080223
10.05000019,127.89500506337085
10.06000042,126.4166303356176
10.06999969,124.95550131715862
10.07999992,123.5114780981597
10.09000015,122.08349187058472
10.10000038,120.67236187970754
10.10999966,119.27756814797348
10.11999989,117.89902048437658
10.13000011,116.53652541513222
10.14000034,115.18934633583564
10.14999962,113.8579833972691
10.15999985,112.54212474701616
10.17000008,111.24137235231684
10.18000031,109.95566533588892
10.18999958,108.68483915062572
10.19999981,107.42880999050097
10.21000004,106.1871979257934
10.22000027,104.95994516374274
10.22999954,103.74689488092734
10.23999977,102.54796647547744
10.25,101.3627981710806
10.26000023,100.19133432266554
10.27000046,99.0334159974166
10.27999973,97.88899469378332
10.28999996,96.7580840229634
10.30000019,95.63986159033286
10.31000042,94.53456733573208
10.31999969,93.44215503089362
10.32999992,92.37277846561442
10.34000015,91.31570566504594
10.35000038,90.27075190302553
10.35999966,89.23778560076649
10.36999989,88.21674317992048
10.38000011,87.2073229308974
10.39000034,86.20946007929616
10.39999962,85.22304966722004
10.40999985,84.24803388892141
10.42000008,83.28408552860998
10.43000031,82.33119796004772
10.43999958,81.38923991805605
10.44999981,80.45680887843565
10.46000004,79.53642026329248
10.47000027,78.62666561911135
10.47999954,77.72712252341924
10.48999977,76.83798703214015
10.5,75.95903666475202
10.51000023,75.09016258142337
10.52000046,74.2311659110468
10.52999973,73.3821411993213
10.53999996,72.54275962771183
10.55000019,71.70962819520612
10.56000042,70.88954006862164
10.56999969,70.07892612765953
10.57999992,69.27750344852356
10.59000015,68.48526908804774
10.60000038,67.70208644062082
10.60999966,66.92787923125921
10.61999989,66.16260032222307
10.63000011,65.4060072780015
10.64000034,64.65808186340092
10.64999962,63.918713684282906
10.65999985,63.18787201306593
10.67000008,62.4653246103857
10.68000031,61.75105241746719
10.68999958,61.0449521893506
10.69999981,60.34699375808707
10.71000004,59.65695511542668
10.72000027,58.97481860097776
10.72999954,58.30048604500652
10.73999977,57.63392747005548
10.75,56.974931560661325
10.76000023,56.323479242566734
10.77000046,55.679477828624144
10.77999973,55.04290663388057
10.78999996,54.413555330579
10.80000019,53.79140134287174
10.81000042,53.17636949174095
10.81999969,52.568426769315145
10.82999992,51.96738050653927
10.84000015,51.37321272256602
10.85000038,50.78583771145844
10.85999966,50.2051864202274
10.86999989,49.631220667236455
10.88000011,49.06376924353964
10.89000034,48.50280789729752
10.89999962,47.9482663405346
10.90999985,47.40011052133848
10.92000008,46.85817621895488
10.93000031,46.32243845638167
10.93999958,45.79283189720861
10.94999981,45.26932286968609
10.96000004,44.7517530355851
10.97000027,44.24009961134436
10.97999954,43.73430419059888
10.98999977,43.2343426160016
11.0,42.74006348497209
11.01000023,42.25138651412684
11.02000046,41.768334738309
11.02999973,41.29082060624284
11.03999996,40.82227441620944
11.05000019,40.360008120680895
11.06000042,39.9029475814715
11.06999969,39.45113102625156
11.07999992,39.00439582914294
11.09000015,38.56272608951977
11.10000038,38.12606466665549
11.10999966,37.694357193762606
11.11999989,37.26757890602804
11.13000011,36.845597635871655
11.14000034,36.42840786993384
11.14999962,36.01594069214703
11.15999985,35.60818950890757
11.17000008,35.2050208776283
11.18000031,34.80642237917201
11.18999958,34.41234823447103
11.19999981,34.02276926196297
11.21000004,33.637572266007005
11.22000027,33.25673858625939
11.22999954,32.88022697139944
11.23999977,32.50803018663278
11.25,32.1399799158034
11.26000023,31.776126366488857
11.27000046,31.416384568576216
11.27999973,31.060759680136893
11.28999996,30.70913110173113
11.30000019,30.361485089993508
11.31000042,30.01777611852399
11.31999969,29.677996068272368
11.32999992,29.34203148131681
11.34000015,29.00987642509263
11.35000038,28.681480993567483
11.35999966,28.356840468767267
11.36999989,28.035853259078184
11.38000011,27.718484606344983
11.39000034,27.404722355585463
11.39999962,27.0945138115847
11.40999985,26.78784391882513
11.42000008,26.484619767397625
11.43000031,26.184834546197635
11.43999958,25.888441682454264
11.44999981,25.59543796732229
11.46000004,25.3057163651962
11.47000027,25.019281406442055
11.47999954,24.73609043925577
11.48999977,24.45612877163615
11.5,24.17931832302791
11.51000023,23.9056358816326
11.52000046,23.635056233764
11.52999973,23.36756469956073
11.53999996,23.103077302561054
11.55000019,22.841584652989617
11.56000042,22.583051141559974
11.56999969,22.32747174686286
11.57999992,22.074761456087955
11.59000015,21.82491211520641
11.60000038,21.57789076757912
11.60999966,21.33368973656387
11.61999989,21.092230922125225
11.63000011,20.85350335781928
11.64000034,20.617481100492185
11.64999962,20.38413076080301
11.65999985,20.15344035953609
11.67000008,19.925341984800948
11.68000031,19.699826122165543
11.68999958,19.476864828740293
11.69999981,19.256444429835888
11.71000004,19.0384993559925
11.72000027,18.823021215750494
11.72999954,18.609983658896223
11.73999977,18.3993743093721
11.75,18.19113023719183
11.76000023,17.985242630469568
11.77000046,17.781684912891752
11.77999973,17.580451770820254
11.78999996,17.381475960320326
11.80000019,17.185966533265546
11.81000042,16.993263337133776
11.81999969,16.80273977375867
11.82999992,16.614339117629125
11.84000015,16.42805239108991
11.85000038,16.243855673039917
11.85999966,16.061745709022603
11.86999989,15.881662593513584
11.88000011,15.70360032600662
11.89000034,15.52753671127212
11.89999962,15.353450593977175
11.90999985,15.181332254038116
11.92000008,15.011130063349562
11.93000031,14.842838133394531
11.93999958,14.67643617918383
11.94999981,14.511915286669426
11.96000004,14.34922680666222
11.97000027,14.188363688259065
11.97999954,14.029306497882668
11.98999977,13.872046616115632
12.0,13.7165381107714
12.01000023,13.56277306968478
12.02000046,13.410735260331297
12.02999973,13.26041619701892
12.03999996,13.111769897878528
12.05000019,12.96479168374601
12.06000042,12.819462300626556
12.06999969,12.67577657884538
12.07999992,12.533689177545304
12.09000015,12.393195996903936
12.10000038,12.25427928748829
12.10999966,12.116932534476696
12.11999989,11.981115038440572
12.13000011,11.846820287475316
12.14000034,11.714031303648447
12.14999962,11.582733796929928
12.15999985,11.45291842883911
12.17000008,11.324549079033918
12.18000031,11.197617731138658
12.18999958,11.07211224641088
12.19999981,10.948024084178888
12.21000004,10.825316653598875
12.22000027,10.703984770357106
12.22999954,10.584014316383664
12.23999977,10.46539973408548
12.25,10.348104088756433
12.26000023,10.232124139291225
12.27000046,10.117444896224448
12.27999973,10.004062172959369
12.28999996,9.891940007922637
12.30000019,9.781075042798133
12.31000042,9.671452991784204
12.31999969,9.563070032765532
12.32999992,9.455892038149145
12.34000015,9.349916059351791
12.35000038,9.245128425246628
12.35999966,9.141525580506052
12.36999989,9.0390737530232
12.38000011,8.937770770301693
12.39000034,8.837603694882395
12.39999962,8.738559450635835
12.40999985,8.640634333769125
12.42000008,8.543797977774876
12.43000031,8.448046607670998
12.43999958,8.353369990827353
12.44999981,8.259761970432724
12.46000004,8.167194980559756
12.47000027,8.075665526466144
12.47999954,7.985162534200869
12.48999977,7.895681110922606
12.5,7.807194942377829
12.51000023,7.719700667983033
12.52000046,7.633186709453598
12.52999973,7.547650547020775
12.53999996,7.463064903236694
12.55000019,7.379427150921834
12.56000042,7.296726687101871
12.56999969,7.214960896392248
12.57999992,7.13410409884541
12.59000015,7.0541527777865305
12.60000038,6.975097603047881
12.60999966,6.897140044494883
12.61999989,6.820536639588674
12.63000011,6.744784827235525
12.64000034,6.669875292451119
12.64999962,6.595798598815169
12.65999985,6.522552453499102
12.67000008,6.450113724188824
12.68000031,6.378480343653325
12.68999958,6.307643695404559
12.69999981,6.237600824761157
12.71000004,6.168329626939746
12.72000027,6.09982922003082
12.72999954,6.032090232917
12.73999977,5.965109897495274
12.75,5.8988684358091446
12.76000023,5.833363225461872
12.77000046,5.768585898329778
12.77999973,5.70453482548947
12.78999996,5.641189365541433
12.80000019,5.578547912491933
12.81000042,5.5166029347659205
12.81999969,5.4553523688362064
12.82999992,5.3947762257174
12.84000015,5.334873591651335
12.85000038,5.275636626722181
12.85999966,5.217063431160211
12.86999989,5.159135589107266
12.88000011,5.101851729346304
12.89000034,5.04520392877479
12.89999962,4.989191050802336
12.90999985,4.93379558057772
12.92000008,4.87901555321573
12.93000031,4.824844151411492
12.93999958,4.771274884554426
12.94999981,4.718304992617897
12.96000004,4.665919014330471
12.97000027,4.614115227666838
12.97999954,4.5628874833730695
12.98999977,4.512232606424972
13.0,4.462136254342032
13.01000023,4.412596441128456
13.02000046,4.363606883105003
13.02999973,4.31516611799906
13.03999996,4.267258566937279
13.05000019,4.21988374873795
13.06000042,4.173034896980737
13.06999969,4.1267106684552335
13.07999992,4.080897008740808
13.09000015,4.035591687039426
13.10000038,3.990790094227204
13.10999966,3.946489966562547
13.11999989,3.90267780672396
13.13000011,3.859352460608678
13.14000034,3.8165080038748993
13.14999962,3.774146230433869
13.15999985,3.732255647401735
13.17000008,3.690830206000802
13.18000031,3.649864602261668
13.18999958,3.609354112113493
13.19999981,3.569296651065855
13.21000004,3.529680634389358
13.22000027,3.490504420866379
13.22999954,3.4517634382878457
13.23999977,3.4134555422442827
13.25,3.3755695873386253
13.26000023,3.3381042177641924
13.27000046,3.3010549444603985
13.27999973,3.264422229708702
13.28999996,3.2282071702077304
13.30000019,3.192394071361337
13.31000042,3.156978152462869
13.31999969,3.1219585898690223
13.32999992,3.0873244394652786
13.34000015,3.05307430467599
13.35000038,3.0192043094901844
13.35999966,2.9857132981336414
13.36999989,2.9525906787145924
13.38000011,2.9198354898908105
13.39000034,2.887443651946637
13.39999962,2.8554142334133483
13.40999985,2.82373726614309
13.42000008,2.7924115020732088
13.43000031,2.761433376998889
13.43999958,2.730799137593598
13.44999981,2.700507187107109
13.46000004,2.6705486340826265
13.47000027,2.640922244458938
13.47999954,2.611701406596893
13.48999977,2.582980961219408
13.5,2.554574162427648
13.51000023,2.5264800229433364
13.52000046,2.498695066268039
13.52999973,2.471218592370464
13.53999996,2.444042115223831
13.55000019,2.417164808356176
13.56000042,2.390583342900288
13.56999969,2.3642969241916147
13.57999992,2.338297344062769
13.59000015,2.312583972385173
13.60000038,2.287249273452793
13.60999966,2.2620055295506902
13.61999989,2.237131744139002
13.63000011,2.2125319994697312
13.64000034,2.1882028317735096
13.64999962,2.1641437273972066
13.65999985,2.140347113409916
13.67000008,2.116812348154964
13.68000031,2.09353660659613
13.68999958,2.0705171224485603
13.69999981,2.047752934719675
13.71000004,2.0252371231686936
13.72000027,2.002969134924169
13.72999954,1.9809463744668188
13.73999977,1.9591676938295168
13.75,1.9376265487235544
13.76000023,1.916322730770385
13.77000046,1.895253120321638
13.77999973,1.8744173086365712
13.78999996,1.85380878453412
13.80000019,1.833427080242891
13.81000042,1.8132695207562144
13.81999969,1.7933356762639323
13.82999992,1.7736193319084297
13.84000015,1.75411979840626
13.85000038,1.734834795173319
13.85999966,1.7157637327718598
13.86999989,1.69690070932788
13.88000011,1.6782450817120944
13.89000034,1.6597947450511503
13.89999962,1.6415491593462324
13.90999985,1.6235024363800958
13.92000008,1.605654324781878
13.93000031,1.5880024214449475
13.93999958,1.5705448538648803
13.94999981,1.5532807912499362
13.96000004,1.5362050143975563
13.97000027,1.5193171199942532
13.97999954,1.5026149615755222
13.98999977,1.486097919859704
14.0,1.469761162785002
14.01000023,1.453603996195748
14.02000046,1.4376245250252386
14.02999973,1.421822287063742
14.03999996,1.406192325062141
14.05000019,1.390734254445957
14.06000042,1.375446203744222
14.06999969,1.3603277084741556
14.07999992,1.3453740458185253
14.09000015,1.3305847211547006
14.10000038,1.3159581742505717
14.10999966,1.301493783892947
14.11999989,1.28718706566017
14.13000011,1.273037669567998
14.14000034,1.259043879424807
14.14999962,1.2452052681511685
14.15999985,1.2315173885374122
14.17000008,1.2179801895691034
14.18000031,1.204591775917225
14.18999958,1.1913506207773197
14.19999981,1.1782561440407182
14.21000004,1.165304490122485
14.22000027,1.1524952224172385
14.22999954,1.1398268185311735
14.23999977,1.127298820203582
14.25,1.1149073464662975
14.26000023,1.1026522029910455
14.27000046,1.0905317495193505
14.27999973,1.078545646529897
14.28999996,1.0666902034914183
14.30000019,1.0549651262388224
14.31000042,1.043368892613954
14.31999969,1.031901188612488
14.32999992,1.0205585830112365
14.34000015,1.0093406187132643
14.35000038,0.9982459583912524
14.35999966,0.9872742949194432
14.36999989,0.9764221456490652
14.38000011,0.9656893290346854
14.39000034,0.955074554871007
14.39999962,0.9445773806084792
14.40999985,0.934221417262706
14.42000008,0.924037572169816
14.43000031,0.913964830389652
14.43999958,0.9040020579907851
14.44999981,0.8941488306869076
14.46000004,0.8844021837370665
14.47000027,0.8747619227344272
14.47999954,0.8652269185334405
14.48999977,0.8557967039683765
14.5,0.8464685124205975
14.51000023,0.8372421024573887
14.52000046,0.8281163971419268
14.52999973,0.8190910505724993
14.53999996,0.81016336383986
14.55000019,0.8013330090297824
14.56000042,0.7925990323345466
14.56999969,0.7839610926677649
14.57999992,0.7754166152068661
14.59000015,0.7669653573881037
14.60000038,0.7586062600180337
14.60999966,0.7503391032644129
14.61999989,0.7421613628898528
14.63000011,0.7340728285488886
14.64000034,0.7260725014015987
14.64999962,0.7181601684607392
14.65999985,0.7103334489856155
14.67000008,0.7025920239971983
14.68000031,0.6949350398521424
14.68999958,0.6873623178227347
14.69999981,0.6798714349248949
14.71000004,0.6724622754784888
14.72000027,0.6651338876129624
14.72999954,0.6578854912103971
14.73999977,0.6507167434421367
14.75,0.6436255288994828
14.76000023,0.636611619066032
14.77000046,0.629674212166838
14.77999973,0.6228130641411976
14.78999996,0.616026121637972
14.80000019,0.6093132158826469
14.81000042,0.6026734684698324
14.81999969,0.5961067081930108
14.82999992,0.5896109682279344
14.84000015,0.5831860810794062
14.85000038,0.5768312082269684
14.85999966,0.5705462351084892
14.86999989,0.5643291965735543
14.88000011,0.5581798961147016
14.89000034,0.5520977110149253
14.89999962,0.5460823415558737
14.90999985,0.5401320456253564
14.92000008,0.5342465568188021
14.93000031,0.5284252531071446
14.93999958,0.5226679808073721
14.94999981,0.5169728991403785
14.96000004,0.5113399253015386
14.97000027,0.505768335797011
14.97999954,0.5002575412989112
14.98999977,0.4948072411673443
15.0,0.4894159005033962
15.01000023,0.4840832950034293
15.02000046,0.4788088476870378
15.02999973,0.4735923660749119
15.03999996,0.4684322702847192
15.05000019,0.4633283967418971
15.06000042,0.4582801784775872
15.06999969,0.4532874690222021
15.07999992,0.4483486585877386
15.09000015,0.4434637278501088
15.10000038,0.4386319914299287
15.10999966,0.433853411891834
15.11999989,0.4291264175323949
15.13000011,0.4244509863103228
15.14000034,0.4198265061647892
15.14999962,0.4152528403062841
15.15999985,0.4107285902445188
15.17000008,0.406253648728714
15.18000031,0.4018274768176231
15.18999958,0.3974499506007535
15.19999981,0.3931197222860434
15.21000004,0.3888366827614207
15.22000027,0.3846003117478836
15.22999954,0.3804101398184691
15.23999977,0.3762659674829659
15.25,0.3721665896214515
15.26000023,0.3681118848471831
15.27000046,0.3641013548245048
15.27999973,0.3601348916399644
15.28999996,0.356211310451425
15.30000019,0.3523304502640703
15.31000042,0.3484918872432467
15.31999969,0.3446955245184179
15.32999992,0.3409401509213892
15.34000015,0.3372257078900629
15.35000038,0.333551730178198
15.35999966,0.3299181169133982
15.36999989,0.3263237645248779
15.38000011,0.3227685894224978
15.39000034,0.319252132670591
15.39999962,0.3157743009748799
15.40999985,0.3123587092334512
15.42000008,0.3089826785541958
15.43000031,0.3056431468685676
15.43999958,0.3023400589814413
15.44999981,0.2990723975233209
15.46000004,0.2958400724043287
15.47000027,0.2926427297903666
15.47999954,0.2894800007348723
15.48999977,0.2863517143290254
15.5,0.2832570194697833
15.51000023,0.2801957729756174
15.52000046,0.2771676714470524
15.52999973,0.2741725723940522
15.53999996,0.2712096283260819
15.55000019,0.268278691061155
15.56000042,0.2653794662074383
15.56999969,0.2625118802378005
15.57999992,0.2596750301854725
15.59000015,0.2568688583739851
15.60000038,0.254093998709262
15.60999966,0.2513475113739958
15.61999989,0.2486325063763045
15.63000011,0.245944684778873
15.64000034,0.2433021694669566
15.64999962,0.2406583229876348
15.65999985,0.2380925215106906
15.67000008,0.2354854358849159
15.68000031,0.2329408727485033
15.68999958,0.2304240620595639
15.69999981,0.227934233513235
15.71000004,0.2254713207212604
15.72000027,0.2230350357308459
15.72999954,0.2206251153525771
15.73999977,0.2182414560781299
15.75,0.2158833545574622
15.76000023,0.2135507495861431
15.77000046,0.2112433690978757
15.77999973,0.2089611407756311
15.78999996,0.206703384167479
15.80000019,0.2044700270946942
15.81000042,0.2022608239371627
15.81999969,0.2000757231380619
15.82999992,0.1979140061625585
15.84000015,0.1957756962896828
15.85000038,0.1936604856563515
15.85999966,0.1915683433128143
15.86999989,0.1894986121053817
15.88000011,0.1874512681914302
15.89000034,0.1854260461052249
15.89999962,0.1834229177575223
15.90999985,0.1814412476298011
15.92000008,0.1794810073553198
15.93000031,0.1775419491151633
15.93999958,0.175624042172409
15.94999981,0.1737266745261267
15.96000004,0.1718498157568433
15.97000027,0.1699932504009406
15.97999954,0.168156752108836
15.98999977,0.1663402691481749
16.0,0.164543249296941
16.01000023,0.1627656634202996
16.02000046,0.1610072813900023
16.03000069,0.159268224062971
16.04000092,0.1575476464413305
16.04999924,0.1558456730392965
16.05999947,0.1541620877184981
16.06999969,0.1524966905521184
16.07999992,0.1508493030108755
16.09000015,0.1492197093040823
16.10000038,0.147607738391151
16.11000061,0.1460131803462654
16.12000084,0.1444358606515516
16.12999916,0.1428758783917893
16.13999939,0.1413324558390406
16.14999962,0.1398057197949076
16.15999985,0.1382954736013864
16.17000008,0.1368015558319705
16.18000031,0.135323777197427
16.19000053,0.1338619705358164
16.20000076,0.1324159590924488
16.20999908,0.1309858391508157
16.21999931,0.1295709084746303
16.22999954,0.1281712608540198
16.23999977,0.1267867439185114
16.25,0.1254171808452974
16.26000023,0.1240624257257214
16.27000046,0.1227223027387888
16.28000069,0.1213966540072877
16.29000092,0.1200853369152133
16.29999924,0.1187884364044795
16.30999947,0.1175052914237382
16.31999969,0.1162360249923132
16.32999992,0.1149804600046323
16.34000015,0.1137384641362082
16.35000038,0.112509890984619
16.36000061,0.111294590336901
16.37000084,0.1100924184295034
16.37999916,0.1089034572934667
16.38999939,0.1077271201542439
16.39999962,0.1065634823060831
16.40999985,0.1054124242585799
16.42000008,0.1042738071805226
16.43000031,0.1031474869830569
16.44000053,0.102033329845934
16.45000076,0.100931211192714
16.45999908,0.0998412076063391
16.46999931,0.0987679375508151
16.47999954,0.097709106750642
16.48999977,0.0966616507927842
16.5,0.0956254260493793
16.51000023,0.0946003231479248
16.52000046,0.0935862107665417
16.53000069,0.0925829858579164
16.54000092,0.0915905314566909
16.54999924,0.0906089051160879
16.55999947,0.0896377557798095
16.56999969,0.0886770345522281
16.57999992,0.0877266147399329
16.59000015,0.0867863930874553
16.60000038,0.0858562559630555
16.61000061,0.0849360938456474
16.62000084,0.0840258037098666
16.62999916,0.0831254472296666
16.63999939,0.0822345788455607
16.64999962,0.0813532653431434
16.65999985,0.0804814030110539
16.67000008,0.0796188945219418
16.68000031,0.0787656331233805
16.69000053,0.0779215266072244
16.70000076,0.0770864742804212
16.70999908,0.0762605263460997
16.71999931,0.0754433800405599
16.72999954,0.0746352089937258
16.73999977,0.0738356942117705
16.75,0.0730447537408366
16.76000023,0.0722622965376212
16.77000046,0.0714882222457671
16.78000069,0.0707224469256238
16.79000092,0.0699648833018742
16.79999924,0.0692155776213147
16.80999947,0.0684741652476019
16.81999969,0.0677406938111126
16.82999992,0.0670150948152629
16.84000015,0.066297268213996
16.85000038,0.0655871343741047
16.86000061,0.0648846119078009
16.87000084,0.0641896207472904
16.87999916,0.0635022107770341
16.88999939,0.0628220336232585
16.89999962,0.0621491486537421
16.90999985,0.0614834792769874
16.92000008,0.0608249420234907
16.93000031,0.0601734597552173
16.94000053,0.0595289632305381
16.95000076,0.0588913715640052
16.95999908,0.0582607340635509
16.96999931,0.0576367359480179
16.97999954,0.0570194238126474
16.98999977,0.0564087277253966
17.0,0.0558045751403164
17.01000023,0.05520689692646
17.02000046,0.0546156243939106
17.03000069,0.0540306867058089
17.04000092,0.0534520203909792
17.04999924,0.0528796601474471
17.05999947,0.0523133276323788
17.06999969,0.0517530628555624
17.07999992,0.0511987996185901
17.09000015,0.0506504748396068
17.10000038,0.050108027244706
17.11000061,0.0495713957291259
17.12000084,0.0490405098252562
17.12999916,0.0485154123973921
17.13999939,0.0479958386961954
17.14999962,0.0474818357011236
17.15999985,0.0469733410756005
17.17000008,0.0464702906750105
17.18000031,0.0459726355647125
17.19000053,0.0454803075663236
17.20000076,0.0449932566157383
17.20999908,0.0445115126388575
17.21999931,0.0440348420624449
17.22999954,0.0435632764263318
17.23999977,0.0430967604199901
17.25,0.0426352458896978
17.26000023,0.0421786743608522
17.27000046,0.0417269964646166
17.28000069,0.0412801554274386
17.29000092,0.0408380998159583
17.29999924,0.0404008653109798
17.30999947,0.0399682302237903
17.31999969,0.0395402323308731
17.32999992,0.0391168168813775
17.34000015,0.0386979380968513
17.35000038,0.0382835431713248
17.36000061,0.0378735902138542
17.37000084,0.0374680310916315
17.37999916,0.0370668886614448
17.38999939,0.0366699689609431
17.39999962,0.0362772982333464
17.40999985,0.0358888359274677
17.42000008,0.03550453314273
17.43000031,0.0351243493315485
17.44000053,0.0347482360644461
17.45000076,0.0343761504500748
17.45999908,0.0340081215537513
17.46999931,0.0336439636870264
17.47999954,0.0332837090023934
17.48999977,0.0329273110785423
17.5,0.0325747294110082
17.51000023,0.0322259249686917
17.52000046,0.0318808563982811
17.53000069,0.0315394832966211
17.54000092,0.031201766220363
17.54999924,0.0308677299932503
17.55999947,0.0305372062712447
17.56999969,0.0302102244213184
17.57999992,0.029886743360751
17.59000015,0.0295667286882714
17.60000038,0.0292502280620163
17.61000061,0.0289392615939498
17.62000084,0.02863160605808
17.62999916,0.0283272806627613
17.63999939,0.0280261368346309
17.64999962,0.0277281948730092
17.65999985,0.0274334242711621
17.67000008,0.0271417916484341
17.68000031,0.0268532610966489
17.69000053,0.0265677994543442
17.70000076,0.0262853755955333
17.70999908,0.0260060092725474
17.71999931,0.0257295621807952
17.72999954,0.0254560564985422
17.73999977,0.0251854610791575
17.75,0.0249177426720715
17.76000023,0.0246528741345068
17.77000046,0.0243908225516827
17.78000069,0.02413155947657
17.79000092,0.0238750525644601
17.79999924,0.0236213247944359
17.80999947,0.0233702463073888
17.81999969,0.0231218398731407
17.82999992,0.0228760764523019
17.84000015,0.0226329256972896
17.85000038,0.0223923618516305
17.86000061,0.0221543580859399
17.87000084,0.0219188838343223
17.87999916,0.021685959255271
17.88999939,0.02145546979215
17.89999962,0.021227430428233
17.90999985,0.0210018171402611
17.92000008,0.0207786016907718
17.93000031,0.0205577620519542
17.94000053,0.0203392705320706
17.95000076,0.0201231044711515
17.95999908,0.0199092767553177
17.96999931,0.0196976821725036
17.97999954,0.0194883392068247
17.98999977,0.0192812222968983
18.0,0.0190763069680413
18.01000023,0.0188735723146664
18.02000046,0.0186729932909974
18.03000069,0.0184745463692488
18.04000092,0.0182782112975241
18.04999924,0.0180840001650418
18.05999947,0.0178918180317592
18.06999969,0.0177016784628804
18.07999992,0.0175135614469071
18.09000015,0.0173274460964233
18.10000038,0.0171433091455702
18.11000061,0.01696112958757
18.12000084,0.0167808864942144
18.12999916,0.0166025951000761
18.13999939,0.0164261663235835
18.14999962,0.0162516123590157
18.15999985,0.0160789148795035
18.17000008,0.0159080530472778
18.18000031,0.0157390093991825
18.19000053,0.0155717621758722
18.20000076,0.0154062939078287
18.20999908,0.0152426146422509
18.21999931,0.0150806454766436
18.22999954,0.0149204002782202
18.23999977,0.0147618547616149
18.25,0.0146049969489207
18.26000023,0.0144498062812798
18.27000046,0.0142962664249707
18.28000069,0.01414435851311
18.29000092,0.0139940650845555
18.29999924,0.0138453984587655
18.30999947,0.0136982838623012
18.31999969,0.0135527326859409
18.32999992,0.013408730043253
18.34000015,0.0132662575273497
18.35000038,0.0131253001768067
18.36000061,0.0129858401437658
18.37000084,0.0128478633346987
18.37999916,0.0127113797565363
18.38999939,0.0125763206725912
18.39999962,0.0124426969858897
18.40999985,0.012310493807332
18.42000008,0.012179696234631
18.43000031,0.0120502887863778
18.44000053,0.011922256468469
18.45000076,0.0117955859122048
18.45999908,0.0116702848220587
18.46999931,0.0115462929083296
18.47999954,0.011423618302377
18.48999977,0.0113022474664269
18.5,0.0111821666303416
18.51000023,0.0110633627109075
18.52000046,0.0109458210702158
18.53000069,0.0108295282560324
18.54000092,0.0107144723242774
18.54999924,0.0106006602928879
18.55999947,0.0104880370380973
18.56999969,0.010376609808369
18.57999992,0.0102663681785817
18.59000015,0.0101572972299562
18.60000038,0.0100493857369243
18.61000061,0.0099426210760966
18.62000084,0.0098369909004695
18.62999916,0.0097325035311246
18.63999939,0.0096291066145266
18.64999962,0.0095268081878417
18.65999985,0.0094255975475004
18.67000008,0.0093254622202509
18.68000031,0.0092263914422338
18.69000053,0.009128372818555
18.70000076,0.0090313962761554
18.70999908,0.0089354687146304
18.71999931,0.0088405416635631
18.72999954,0.0087466238174658
18.73999977,0.0086537044646879
18.75,0.0085617716512303
18.76000023,0.0084708161940326
18.77000046,0.0083808277077017
18.78000069,0.0082917946661696
18.79000092,0.0082037081980516
18.79999924,0.0081165737613221
18.80999947,0.008030349480921
18.81999969,0.0079453859104676
18.82999992,0.0078615471041116
18.84000015,0.0077785942035398
18.85000038,0.0076965172808002
18.86000061,0.0076153069120309
18.87000084,0.0075349541476492
18.87999916,0.0074554652328887
18.88999939,0.0073768005342128
18.89999962,0.0072989668294444
18.90999985,0.0072219545151575
18.92000008,0.0071457563417221
18.93000031,0.0070703621558144
18.94000053,0.0069957642165012
18.95000076,0.0069219541468819
18.95999908,0.006848936864596
18.96999931,0.0067766772467473
18.97999954,0.0067051804866784
18.98999977,0.0066344383419613
19.0,0.0065644437345531
19.01000023,0.006495187925416
19.02000046,0.006426663059762
19.03000069,0.0063588621145006
19.04000092,0.0062917890451191
19.04999924,0.0062254125579255
19.05999947,0.0061597359791368
19.06999969,0.0060947532206274
19.07999992,0.0060304563152993
19.09000015,0.0059668387032897
19.10000038,0.0059038923147279
19.11000061,0.0058416104807965
19.12000084,0.0057799861498291
19.12999916,0.0057190241308924
19.13999939,0.0056586940519357
19.14999962,0.0055990006296974
19.15999985,0.0055399378489239
19.17000008,0.0054814983086966
19.18000031,0.0054236754915867
19.19000053,0.0053664633779874
19.20000076,0.0053098551874029
19.20999908,0.005253855020924
19.21999931,0.0051984351710605
19.22999954,0.0051436006995868
19.23999977,0.0050893448147469
19.25,0.0050356619058805
19.26000023,0.0049825452413305
19.27000046,0.0049299894798904
19.28000069,0.0048779886350934
19.29000092,0.0048265455640262
19.29999924,0.0047756368232511
19.30999947,0.0047252652068979
19.31999969,0.0046754248520053
19.32999992,0.0046261108371574
19.34000015,0.0045773170688355
19.35000038,0.0045290385078734
19.36000061,0.0044812695045495
19.37000084,0.0044340044557719
19.37999916,0.004387247120529
19.38999939,0.0043409745672601
19.39999962,0.0042951902672609
19.40999985,0.0042498889772384
19.42000008,0.0042050660236261
19.43000031,0.00416071608505
19.44000053,0.004116834092959
19.45000076,0.0040734150118564
19.45999908,0.0040304625407733
19.46999931,0.0039879551069672
19.47999954,0.0039458964083213
19.48999977,0.0039042812531885
19.5,0.00386310539939
19.51000023,0.0038223642509224
19.52000046,0.0037820526938278
19.53000069,0.0037421666765195
19.54000092,0.00370270883098
19.54999924,0.0036636603251724
19.55999947,0.0036250236313061
19.56999969,0.0035867945084455
19.57999992,0.0035489687093333
19.59000015,0.0035115422422322
19.60000038,0.0034745106107065
19.61000061,0.0034378695656948
19.62000084,0.0034016154214031
19.62999916,0.003365750455624
19.63999939,0.003330256996481
19.64999962,0.0032951379544334
19.65999985,0.0032603897142442
19.67000008,0.003226007935933
19.68000031,0.0031919890879254
19.69000053,0.0031583289195651
19.70000076,0.0031250240020317
19.70999908,0.0030920766103887
19.71999931,0.0030594708102767
19.72999954,0.0030272089193897
19.73999977,0.0029952873404604
19.75,0.00296370237983
19.76000023,0.002932450880761
19.77000046,0.0029015289762805
19.78000069,0.0028709332351337
19.79000092,0.0028406658878214
19.79999924,0.0028107125639393
19.80999947,0.0027810749192117
19.81999969,0.0027517498046193
19.82999992,0.0027227342901167
19.84000015,0.0026940247822155
19.85000038,0.0026656180011466
19.86000061,0.0026375111292513
19.87000084,0.0026097006525527
19.87999916,0.0025821886151811
19.88999939,0.0025549617670712
19.89999962,0.0025280219029598
19.90999985,0.0025013663401999
19.92000008,0.0024749920558958
19.93000031,0.0024488957850582
19.94000053,0.0024230748857158
19.95000076,0.0023975262805575
19.95999908,0.0023722521108899
19.96999931,0.0023472396394761
19.97999954,0.0023224909630496
19.98999977,0.0022980033176443
20.0,0.0022737740398957
20.01000023,0.0022498002869174
20.02000046,0.0022260793213565
20.03000069,0.0022026085733478
20.04000092,0.0021793896295649
20.04999924,0.002156411568586
20.05999947,0.0021336755597038
20.06999969,0.0021111795426078
20.07999992,0.0020889207194654
20.09000015,0.002066896564088
20.10000038,0.0020451046560878
20.11000061,0.0020235427475868
20.12000084,0.0020023134837681
20.12999916,0.0019813397172999
20.13999939,0.0019605817521224
20.14999962,0.0019400415504432
20.15999985,0.0019197166614716
20.17000008,0.0018996048197799
20.18000031,0.0018797040146679
20.19000053,0.0018600118135584
20.20000076,0.0018405260100305
20.20999908,0.0018212483349842
20.21999931,0.001802169061638
20.22999954,0.0017832897629326
20.23999977,0.0017646083853461
20.25,0.0017461229758949
20.26000023,0.0017278313394522
20.27000046,0.0017097314037868
20.28000069,0.0016918211912561
20.29000092,0.0016741020779412
20.29999924,0.0016565656146108
20.30999947,0.0016392129371004
20.31999969,0.0016220420335472
20.32999992,0.0016050512296045
20.34000015,0.0015882384964077
20.35000038,0.0015716020934309
20.36000061,0.001555139960482
20.37000084,0.0015388504756908
20.37999916,0.0015227348691469
20.38999939,0.0015067850208449
20.39999962,0.0014910024504333
20.40999985,0.0014753852704775
20.42000008,0.0014599317505899
20.43000031,0.0014446403409298
20.44000053,0.0014295091203154
20.45000076,0.0014145365370957
20.45999908,0.0013997236105821
20.46999931,0.001385063275625
20.47999954,0.001370556542673
20.48999977,0.0013562018418397
20.5,0.0013419976382166
20.51000023,0.001327942232508
20.52000046,0.0013140341851266
20.53000069,0.0013002720208278
20.54000092,0.0012866563812544
20.54999924,0.0012731811756663
20.55999947,0.0012598470621364
20.56999969,0.0012466528032628
20.57999992,0.0012335966492995
20.59000015,0.0012206774251897
20.60000038,0.0012078936498694
20.61000061,0.0011952437567978
20.62000084,0.0011827264958074
20.62999916,0.0011703427048736
20.63999939,0.0011580863270072
20.64999962,0.0011459584478389
20.65999985,0.0011339576627204
20.67000008,0.0011220826173018
20.68000031,0.001110331996352
20.69000053,0.0010987045289198
20.70000076,0.0010871988231481
20.70999908,0.0010758159858976
20.71999931,0.0010645501872032
20.72999954,0.0010534024692024
20.73999977,0.0010423715464531
20.75,0.0010314562234774
20.76000023,0.0010206552157897
20.77000046,0.0010099674545129
20.78000069,0.0009993916601075
20.79000092,0.0009889285478444
20.79999924,0.0009785733274795
20.80999947,0.0009683264588135
20.81999969,0.0009581869682691
20.82999992,0.0009481537147757
20.84000015,0.0009382260072816
20.85000038,0.0009284030152264
20.86000061,0.0009186828982221
20.87000084,0.0009090646549975
20.87999916,0.0008995488943396
20.88999939,0.0008901310682223
20.89999962,0.0008808118755578
20.90999985,0.0008715903829761
20.92000008,0.0008624654290973
20.93000031,0.0008534359974203
20.94000053,0.0008445012735811
20.95000076,0.0008356600600572
20.95999908,0.000826913167447
20.96999931,0.0008182562076635
20.97999954,0.0008096899212086
20.98999977,0.0008012133248406
21.0,0.0007928255947421
21.01000023,0.0007845256916349
21.02000046,0.0007763127084515
21.03000069,0.0007681858153882
21.04000092,0.0007601454766856
21.04999924,0.0007521890476607
21.05999947,0.0007443171724592
21.06999969,0.0007365277611023
21.07999992,0.0007288198627428
21.09000015,0.0007211926965376
21.10000038,0.0007136454282286
21.11000061,0.0007061771289929
21.12000084,0.0006987870559645
21.12999916,0.0006914757236289
21.13999939,0.0006842395982799
21.14999962,0.0006770791677496
21.15999985,0.0006699937557537
21.17000008,0.0006629825053175
21.18000031,0.0006560446469173
21.19000053,0.0006491794632736
21.20000076,0.0006423861477456
21.20999908,0.0006356652010492
21.21999931,0.0006290133380066
21.22999954,0.0006224311571067
21.23999977,0.0006159178702461
21.25,0.0006094727621566
21.26000023,0.0006030951047074
21.27000046,0.0005967842631797
21.28000069,0.000590539454354
21.29000092,0.0005843611584914
21.29999924,0.000578246443544
21.30999947,0.000572195737029
21.31999969,0.0005662083467755
21.32999992,0.0005602836252571
21.34000015,0.0005544209131944
21.35000038,0.0005486196199511
21.36000061,0.0005428790377774
21.37000084,0.0005371985249558
21.37999916,0.0005315785349925
21.38999939,0.0005260163460213
21.39999962,0.0005205123746205
21.40999985,0.0005150659978198
21.42000008,0.0005096766252512
21.43000031,0.0005043437001676
21.44000053,0.00049906658429
21.45000076,0.0004938446998476
21.45999908,0.0004886784287766
21.46999931,0.0004835653004064
21.47999954,0.0004785056802064
21.48999977,0.0004734990034945
21.5,0.0004685450716738
21.51000023,0.0004636714892096
21.52000046,0.0004588486175351
21.53000069,0.0004540759514097
21.54000092,0.000449353830444
21.54999924,0.0004446800440364
21.55999947,0.0004400548878638
21.56999969,0.0004354778643473
21.57999992,0.0004309484814896
21.59000015,0.000426466228719
21.60000038,0.0004220306619801
21.61000061,0.0004176412614452
21.62000084,0.0004132975687791
21.62999916,0.0004089998725534
21.63999939,0.0004047461154007
21.64999962,0.000400536624092
21.65999985,0.0003963709375517
21.67000008,0.0003922486302018
21.68000031,0.0003881691981389
21.69000053,0.0003841322491707
21.70000076,0.0003801373371736
21.70999908,0.000376184721336
21.71999931,0.0003722725177689
21.72999954,0.0003684010225023
21.73999977,0.0003645698088551
21.75,0.0003607784846129
21.76000023,0.0003570265966509
21.77000046,0.000353313774868
21.78000069,0.0003496395789435
21.79000092,0.0003460043059309
21.79999924,0.0003424061976172
21.80999947,0.000338845532122
21.81999969,0.0003353219091948
21.82999992,0.0003318349730603
21.84000015,0.0003283843027484
21.85000038,0.0003249695552711
21.86000061,0.0003215903344694
21.87000084,0.0003182462706206
21.87999916,0.0003149376559625
21.88999939,0.0003116628385857
21.89999962,0.0003084220903664
21.90999985,0.0003052150564432
21.92000008,0.0003020414107734
21.93000031,0.0002989007660234
21.94000053,0.0002957928161534
21.95000076,0.0002927172191187
21.95999908,0.0002896741790134
21.96999931,0.0002866622413095
21.97999954,0.000283681629938
21.98999977,0.0002807320398734
22.0,0.0002778131232127
22.01000023,0.000274924598064
22.02000046,0.0002720661171408
22.03000069,0.0002692373811022
22.04000092,0.0002664385705162
22.04999924,0.000263668410883
22.05999947,0.0002609270486711
22.06999969,0.0002582142016414
22.07999992,0.000255529578466
22.09000015,0.0002528728735445
22.10000038,0.0002502438288353
22.11000061,0.0002476421295184
22.12000084,0.0002450674908491
22.12999916,0.0002425201326467
22.13999939,0.0002399987766624
22.14999962,0.0002375036588765
22.15999985,0.0002350344971646
22.17000008,0.0002325910301424
22.18000031,0.0002301729697722
22.19000053,0.0002277800762189
22.20000076,0.0002254120662692
22.20999908,0.0002230691484805
22.21999931,0.0002207501398462
22.22999954,0.0002184552605664
22.23999977,0.0002161842572041
22.25,0.0002139368752795
22.26000023,0.0002117128603099
22.27000046,0.0002095119971672
22.28000069,0.0002073340213814
22.29000092,0.0002051790876473
22.29999924,0.0002030461911738
22.30999947,0.0002009354766554
22.31999969,0.0001988467141764
22.32999992,0.0001967796726652
22.34000015,0.0001947341267721
22.35000038,0.00019270986849
22.36000061,0.0001907066495543
22.37000084,0.0001887246352303
22.37999916,0.0001867629015664
22.38999939,0.0001848215423056
22.39999962,0.0001829003817503
22.40999985,0.000180999186928
22.42000008,0.0001791177916787
22.43000031,0.0001772559484646
22.44000053,0.0001754134619977
22.45000076,0.000173590151404
22.45999908,0.0001717861391873
22.46999931,0.0001700005454226
22.47999954,0.0001682335347995
22.48999977,0.0001664848825701
22.5,0.0001647544268911
22.51000023,0.0001630419642404
22.52000046,0.0001613473239143
22.53000069,0.0001596702864974
22.54000092,0.0001580110023165
22.54999924,0.0001563686817946
22.55999947,0.0001547434379819
22.56999969,0.0001531350842686
22.57999992,0.0001515434571151
22.59000015,0.0001499683851813
22.60000038,0.0001484096879432
22.61000061,0.0001468671992097
22.62000084,0.0001453410325072
22.62999916,0.0001438304574716
22.63999939,0.0001423356001013
22.64999962,0.0001408562731921
22.65999985,0.000139392328125
22.67000008,0.0001379436135024
22.68000031,0.0001365099616614
22.69000053,0.0001350912122062
22.70000076,0.0001336872126591
22.70999908,0.0001322980847187
22.71999931,0.0001309231324139
22.72999954,0.0001295624772638
22.73999977,0.0001282159705887
22.75,0.0001268834581589
22.76000023,0.0001255648105649
22.77000046,0.0001242598719545
22.78000069,0.00012296849627
22.79000092,0.0001216907777051
22.79999924,0.0001204261328498
22.80999947,0.0001191746221815
22.81999969,0.0001179361233036
22.82999992,0.0001167104962092
22.84000015,0.0001154976116612
22.85000038,0.0001142973452439
22.86000061,0.0001131095566298
22.87000084,0.0001119343265442
22.87999916,0.0001107711076542
22.88999939,0.0001096199844416
22.89999962,0.0001084808217307
22.90999985,0.0001073535029966
22.92000008,0.0001062379021258
22.93000031,0.0001051338996277
22.94000053,0.0001040413775832
22.95000076,0.0001029602144723
22.95999908,0.0001018904907762
22.96999931,0.000100831686092
22.97999954,9.978388403393428e-05
22.98999977,9.87507349453864e-05
23.0,9.773018339154384e-05
23.01000023,9.67201862998476e-05
23.02000046,9.572063370086375e-05
23.03000069,9.473142570797768e-05
23.04000092,9.375262436497004e-05
23.04999924,9.27837727024941e-05
23.05999947,9.182493750877544e-05
23.06999969,9.087601260737924e-05
23.07999992,8.993691098099564e-05
23.09000015,8.900751586329945e-05
23.10000038,8.808773292847278e-05
23.11000061,8.717746385851842e-05
23.12000084,8.62767746216369e-05
23.12999916,8.538523468393034e-05
23.13999939,8.45029140935184e-05
23.14999962,8.362971598893445e-05
23.15999985,8.276554649285182e-05
23.17000008,8.191032032817927e-05
23.18000031,8.106393408314974e-05
23.19000053,8.022630115370698e-05
23.20000076,7.93973303793915e-05
23.20999908,7.857708218466236e-05
23.21999931,7.776516864248934e-05
23.22999954,7.696164544700869e-05
23.23999977,7.616643299056165e-05
23.25,7.537944307475092e-05
23.26000023,7.460058644864275e-05
23.27000046,7.382979069239501e-05
23.28000069,7.306696225787097e-05
23.29000092,7.231215883930519e-05
23.29999924,7.156502427912629e-05
23.30999947,7.08256146643952e-05
23.31999969,7.009384572320579e-05
23.32999992,6.936964582972411e-05
23.34000015,6.865293251267037e-05
23.35000038,6.794363342959103e-05
23.36000061,6.724166377322253e-05
23.37000084,6.654708196045973e-05
23.37999916,6.585955745092556e-05
23.38999939,6.517913536054816e-05
23.39999962,6.450575200091708e-05
23.40999985,6.383932562823111e-05
23.42000008,6.31797929143489e-05
23.43000031,6.252707761863786e-05
23.44000053,6.188110807844653e-05
23.45000076,6.124181600566792e-05
23.45999908,6.060925814450386e-05
23.46999931,5.9983118075981045e-05
23.47999954,5.936345053150645e-05
23.48999977,5.875018779021814e-05
23.5,5.81432673525061e-05
23.51000023,5.754261784719285e-05
23.52000046,5.694817997381095e-05
23.53000069,5.635988697748936e-05
23.54000092,5.577777933127817e-05
23.54999924,5.520159170576594e-05
23.55999947,5.463135455536751e-05
23.56999969,5.4067007089931055e-05
23.57999992,5.35085008237281e-05
23.59000015,5.295576398164762e-05
23.60000038,5.240873783439007e-05
23.61000061,5.1867370829205054e-05
23.62000084,5.1331696367622624e-05
23.62999916,5.080146371807006e-05
23.63999939,5.027670714618731e-05
23.64999962,4.975737895214759e-05
23.65999985,4.924341637525355e-05
23.67000008,4.873476221115523e-05
23.68000031,4.823137281501291e-05
23.69000053,4.773318198560851e-05
23.70000076,4.724013879336512e-05
23.70999908,4.67522876288313e-05
23.71999931,4.626938528648061e-05
23.72999954,4.579147336065695e-05
23.73999977,4.531850324834449e-05
23.75,4.4850418485930194e-05
23.76000023,4.4387173918910334e-05
23.77000046,4.3928716517591865e-05
23.78000069,4.34749957755638e-05
23.79000092,4.302604542881171e-05
23.79999924,4.258166018149956e-05
23.80999947,4.214186202734746e-05
23.81999969,4.1706609284237575e-05
23.82999992,4.127585399949885e-05
23.84000015,4.084955064329796e-05
23.85000038,4.042765435471396e-05
23.86000061,4.001011505487368e-05
23.87000084,3.959696819830989e-05
23.87999916,3.918801770845987e-05
23.88999939,3.878329413066352e-05
23.89999962,3.838274783681732e-05
23.90999985,3.798634428100133e-05
23.92000008,3.7594036204976e-05
23.93000031,3.720578074215873e-05
23.94000053,3.682153734646644e-05
23.95000076,3.644126776232839e-05
23.95999908,3.6064997324497854e-05
23.96999931,3.569254382481246e-05
23.97999954,3.532393781483686e-05
23.98999977,3.4959140521030035e-05
24.0,3.459811518294976e-05
24.01000023,3.4240816500768273e-05
24.02000046,3.3887212231850315e-05
24.03000069,3.3537263797619675e-05
24.04000092,3.3190991733701426e-05
24.04999924,3.2848235976250565e-05
24.05999947,3.250902185608604e-05
24.06999969,3.217331191944249e-05
24.07999992,3.184107012726993e-05
24.09000015,3.151226042988878e-05
24.10000038,3.118685096502035e-05
24.11000061,3.086480216547427e-05
24.12000084,3.054613913335529e-05
24.12999916,3.0230712012847685e-05
24.13999939,2.991854195367591e-05
24.14999962,2.960959576978037e-05
24.15999985,2.9303843673892145e-05
24.17000008,2.9001250329546228e-05
24.18000031,2.870178286041636e-05
24.19000053,2.840540861571817e-05
24.20000076,2.811209770507371e-05
24.20999908,2.782187025632024e-05
24.21999931,2.753458774674025e-05
24.22999954,2.7250273060165386e-05
24.23999977,2.6968896876034665e-05
24.25,2.6690426119837936e-05
24.26000023,2.641483260862726e-05
24.27000046,2.6142084435977515e-05
24.28000069,2.5872155847902853e-05
24.29000092,2.5605065653763184e-05
24.29999924,2.5340685962887547e-05
24.30999947,2.507903667490252e-05
24.31999969,2.482008840095649e-05
24.32999992,2.4563816632868907e-05
24.34000015,2.4310193796081145e-05
24.35000038,2.4059189216181136e-05
24.36000061,2.381077632635653e-05
24.37000084,2.356497648782012e-05
24.37999916,2.332167221809284e-05
24.38999939,2.308087912847187e-05
24.39999962,2.284257476511974e-05
24.40999985,2.2606730125670508e-05
24.42000008,2.237332274133062e-05
24.43000031,2.2142326608989287e-05
24.44000053,2.191371573014285e-05
24.45000076,2.168746683750522e-05
24.45999908,2.1463596244223893e-05
24.46999931,2.1241997326969825e-05
24.47999954,2.102268735393261e-05
24.48999977,2.080564189365352e-05
24.5,2.0590838296483307e-05
24.51000023,2.0378254265439677e-05
24.52000046,2.016786452636538e-05
24.53000069,1.995964926827578e-05
24.54000092,1.9753621950223015e-05
24.54999924,1.954968581929018e-05
24.55999947,1.9347855855046125e-05
24.56999969,1.9148186740159933e-05
24.57999992,1.8951499708417463e-05
24.59000015,1.8756833725437197e-05
24.60000038,1.856416954094495e-05
24.61000061,1.8373485072310585e-05
24.62000084,1.8184796387948847e-05
24.62999916,1.7998012552711782e-05
24.63999939,1.7813148798227307e-05
24.64999962,1.7630184872001868e-05
24.65999985,1.7449101448341486e-05
24.67000008,1.7269880728380746e-05
24.68000031,1.7092500205161107e-05
24.69000053,1.6916944482712355e-05
24.70000076,1.674319267310344e-05
24.70999908,1.6571259307564547e-05
24.71999931,1.6401061787181966e-05
24.72999954,1.623261185222963e-05
24.73999977,1.606589454589018e-05
24.75,1.5900890738755948e-05
24.76000023,1.5737582268266e-05
24.77000046,1.557595207442521e-05
24.78000069,1.541598470789549e-05
24.79000092,1.5257689538915447e-05
24.79999924,1.5100992066888564e-05
24.80999947,1.4945905099180456e-05
24.81999969,1.4792412990555306e-05
24.82999992,1.4640497548323e-05
24.84000015,1.4490143781695927e-05
24.85000038,1.4341334052133949e-05
24.86000061,1.4194054643724868e-05
24.87000084,1.4048315191961793e-05
24.87999916,1.390404838454162e-05
24.88999939,1.3761262571932144e-05
24.89999962,1.3619944889281928e-05
24.90999985,1.348007929830684e-05
24.92000008,1.3341650809769989e-05
24.93000031,1.3204644422357442e-05
24.94000053,1.3069045919218336e-05
24.95000076,1.293484197651095e-05
24.95999908,1.2802041900515987e-05
24.96999931,1.267058131365624e-05
24.97999954,1.2540471357246554e-05
24.98999977,1.2411698028946734e-05
25.0,1.2284249023328437e-05
25.01000023,1.2158109289780936e-05
25.02000046,1.2033264706165568e-05
25.03000069,1.190970383401636e-05
25.04000092,1.1787435858499557e-05
25.04999924,1.1666401168410616e-05
25.05999947,1.154661039672437e-05
25.06999969,1.1428049950928217e-05
25.07999992,1.1310708037859147e-05
25.09000015,1.1194571471695132e-05
25.10000038,1.107962824632532e-05
25.11000061,1.0965866413647584e-05
25.12000084,1.0853293273112917e-05
25.12999916,1.0741857514650436e-05
25.13999939,1.0631565874402971e-05
25.14999962,1.0522407188237216e-05
25.15999985,1.0414370867179546e-05
25.17000008,1.03074433268761e-05
25.18000031,1.0201615333227764e-05
25.19000053,1.0096874443832109e-05
25.20000076,9.993209411085465e-06
25.20999908,9.8906293483478e-06
25.21999931,9.789083224330516e-06
25.22999954,9.688580751112323e-06
25.23999977,9.589110564063992e-06
25.25,9.490662227673767e-06
25.26000023,9.393225501352656e-06
25.27000046,9.296789246276556e-06
25.28000069,9.201344626118484e-06
25.29000092,9.106897282254432e-06
25.29999924,9.01340280303411e-06
25.30999947,8.920869686987581e-06
25.31999969,8.829286361161522e-06
25.32999992,8.73864346242942e-06
25.34000015,8.64893246318637e-06
25.35000038,8.560142707151634e-06
25.36000061,8.472265097632739e-06
25.37000084,8.385306311953589e-06
25.37999916,8.299224867279356e-06
25.38999939,8.21402761443344e-06
25.39999962,8.129705156552414e-06
25.40999985,8.046249134879988e-06
25.42000008,7.96365034496419e-06
25.43000031,7.881900522283236e-06
25.44000053,7.800989879780844e-06
25.45000076,7.720909928148817e-06
25.45999908,7.641668112098777e-06
25.46999931,7.563225249404347e-06
25.47999954,7.485587978877803e-06
25.48999977,7.408748444629296e-06
25.5,7.332697809117857e-06
25.51000023,7.257428455834231e-06
25.52000046,7.182931739415866e-06
25.53000069,7.109200684993316e-06
25.54000092,7.036240581290932e-06
25.54999924,6.964016481876265e-06
25.55999947,6.8925334888832114e-06
25.56999969,6.821785245765256e-06
25.57999992,6.751763467448036e-06
25.59000015,6.682460772393842e-06
25.60000038,6.613869784544702e-06
25.61000061,6.545983032059814e-06
25.62000084,6.478806418999582e-06
25.62999916,6.412307746329197e-06
25.63999939,6.346491272602036e-06
25.64999962,6.281350836150249e-06
25.65999985,6.216879450242713e-06
25.67000008,6.153069889529146e-06
25.68000031,6.089916206813781e-06
25.69000053,6.027410817308704e-06
25.70000076,5.965558725617804e-06
25.70999908,5.904330936932701e-06
25.71999931,5.843731193346564e-06
25.72999954,5.783753777864841e-06
25.73999977,5.724392814937335e-06
25.75,5.665641348667788e-06
25.76000023,5.607492976342388e-06
25.77000046,5.549941759636125e-06
25.78000069,5.492981370194954e-06
25.79000092,5.436616650907424e-06
25.79999924,5.38082026463045e-06
25.80999947,5.3255969331899184e-06
25.81999969,5.270940505676322e-06
25.82999992,5.216845314656851e-06
25.84000015,5.163305868938518e-06
25.85000038,5.110315805911896e-06
25.86000061,5.057870262240569e-06
25.87000084,5.00597245033467e-06
25.87999916,4.954598393680021e-06
25.88999939,4.903751599412823e-06
25.89999962,4.853426709312277e-06
25.90999985,4.803618825023122e-06
25.92000008,4.754322109148205e-06
25.93000031,4.705531803810964e-06
25.94000053,4.657242392718122e-06
25.95000076,4.609457776207792e-06
25.95999908,4.562155053945407e-06
25.96999931,4.515337558435279e-06
25.97999954,4.469001156523511e-06
25.98999977,4.423140426900281e-06
26.0,4.377750483736754e-06
26.01000023,4.332826429469805e-06
26.02000046,4.288363977778926e-06
26.03000069,4.244357715275833e-06
26.04000092,4.200811444670646e-06
26.04999924,4.157704433612129e-06
26.05999947,4.115039874184196e-06
26.06999969,4.072813119082265e-06
26.07999992,4.031019879526579e-06
26.09000015,3.98965601682885e-06
26.10000038,3.948716658875071e-06
26.11000061,3.908197373290184e-06
26.12000084,3.868101929681225e-06
26.12999916,3.828410791391171e-06
26.13999939,3.7891266955353738e-06
26.14999962,3.750246116780104e-06
26.15999985,3.7117644405242346e-06
26.17000008,3.673678111614073e-06
26.18000031,3.635982651927611e-06
26.19000053,3.598674439195081e-06
26.20000076,3.561755684416183e-06
26.20999908,3.525209553394712e-06
26.21999931,3.4890381123040947e-06
26.22999954,3.4532382244567405e-06
26.23999977,3.417808707285988e-06
26.25,3.382742958920917e-06
26.26000023,3.3480373618471603e-06
26.27000046,3.313775558064268e-06
26.28000069,3.279935895299113e-06
26.29000092,3.24644821014675e-06
26.29999924,3.213296696939892e-06
26.30999947,3.1804837077098434e-06
26.31999969,3.148006289866175e-06
26.32999992,3.115860531600996e-06
26.34000015,3.084043366348654e-06
26.35000038,3.052551407629685e-06
26.36000061,3.021381161671812e-06
26.37000084,2.990535166537327e-06
26.37999916,2.9599987163530425e-06
26.38999939,2.9297743688708647e-06
26.39999962,2.8998586278845624e-06
26.40999985,2.870248800644977e-06
26.42000008,2.840941453162217e-06
26.43000031,2.8119335056460477e-06
26.44000053,2.783222188489762e-06
26.45000076,2.7548092695886624e-06
26.45999908,2.726681736509874e-06
26.46999931,2.6988413611796844e-06
26.47999954,2.6712854732360163e-06
26.48999977,2.6440111564602627e-06
26.5,2.6170190474329616e-06
26.51000023,2.5903059613051423e-06
26.52000046,2.563865591448985e-06
26.53000069,2.5376954534695627e-06
26.54000092,2.5117973316038845e-06
26.54999924,2.486159097545975e-06
26.55999947,2.4607825568053674e-06
26.56999969,2.4356653906052582e-06
26.57999992,2.410804598572946e-06
26.59000015,2.386197898508444e-06
26.60000038,2.3618424695330677e-06
26.61000061,2.337735795315552e-06
26.62000084,2.313879645547125e-06
26.62999916,2.2902631329730244e-06
26.63999939,2.2668874428362344e-06
26.64999962,2.243750686497808e-06
26.65999985,2.2208502028613183e-06
26.67000008,2.198183576171771e-06
26.68000031,2.175748425519301e-06
26.69000053,2.153542361854389e-06
26.70000076,2.131567303051391e-06
26.70999908,2.109812750728284e-06
26.71999931,2.0882801457242808e-06
26.72999954,2.066967511045456e-06
26.73999977,2.045872469141379e-06
26.75,2.024992915841211e-06
26.76000023,2.004326655070482e-06
26.77000046,1.983871298857966e-06
26.78000069,1.9636249755542588e-06
26.79000092,1.9435890618593737e-06
26.79999924,1.923754170912328e-06
26.80999947,1.9041216980264112e-06
26.81999969,1.884689852230717e-06
26.82999992,1.865456243199009e-06
26.84000015,1.8464192013834983e-06
26.85000038,1.8275765551123965e-06
26.86000061,1.8089262613722564e-06
26.87000084,1.7904697974986075e-06
26.87999916,1.7721986260894749e-06
26.88999939,1.754113833488713e-06
26.89999962,1.736213769106122e-06
26.90999985,1.7184964975309876e-06
26.92000008,1.700960110436352e-06
26.93000031,1.68360275993111e-06
26.94000053,1.6664226271415003e-06
26.95000076,1.6494211763246042e-06
26.95999908,1.6325901148065937e-06
26.96999931,1.6159309331291905e-06
26.97999954,1.5994418477257465e-06
26.98999977,1.5831210937223005e-06
27.0,1.5669669926078782e-06
27.01000023,1.5509779252432324e-06
27.02000046,1.535151964012416e-06
27.03000069,1.5194876942903702e-06
27.04000092,1.5039862023955934e-06
27.04999924,1.4886402061500258e-06
27.05999947,1.4734507597197124e-06
27.06999969,1.4584165198256909e-06
27.07999992,1.44353565434571e-06
27.09000015,1.4288068130476556e-06
27.10000038,1.414228311741211e-06
27.11000061,1.3997986423689011e-06
27.12000084,1.3855189404195293e-06
27.12999916,1.3713824242223028e-06
27.13999939,1.3573902457890334e-06
27.14999962,1.343540820580454e-06
27.15999985,1.329832862646285e-06
27.17000008,1.3162648471942436e-06
27.18000031,1.3028353139627789e-06
27.19000053,1.289542879290426e-06
27.20000076,1.2763885383165795e-06
27.20999908,1.2633662545640236e-06
27.21999931,1.2504767878354785e-06
27.22999954,1.2377188072665576e-06
27.23999977,1.2250911567338355e-06
27.25,1.212592504618254e-06
27.26000023,1.2002213484878902e-06
27.27000046,1.1879764419095326e-06
27.28000069,1.175856626402704e-06
27.29000092,1.1638626982539758e-06
27.29999924,1.1519890700770034e-06
27.30999947,1.140236576873189e-06
27.31999969,1.1286040571544614e-06
27.32999992,1.117090242604461e-06
27.34000015,1.1056940284456022e-06
27.35000038,1.0944140580534366e-06
27.36000061,1.083249310212783e-06
27.37000084,1.0722005337671124e-06
27.37999916,1.061262557845671e-06
27.38999939,1.0504361517937754e-06
27.39999962,1.0397203435150356e-06
27.40999985,1.029113796072544e-06
27.42000008,1.0186156133205692e-06
27.43000031,1.0082245536775177e-06
27.44000053,9.979395400572157e-07
27.45000076,9.877613739978773e-07
27.45999908,9.776853399387584e-07
27.46999931,9.677120224260024e-07
27.47999954,9.578405401506612e-07
27.48999977,9.480698219658808e-07
27.5,9.383987398399828e-07
27.51000023,9.288264921141908e-07
27.52000046,9.193518678305832e-07
27.53000069,9.099739535006942e-07
27.54000092,9.006934805060243e-07
27.54999924,8.915060223710728e-07
27.55999947,8.824123344451954e-07
27.56999969,8.734114575805217e-07
27.57999992,8.645024124067209e-07
27.59000015,8.556843589362269e-07
27.60000038,8.469562358489785e-07
27.61000061,8.383172227515124e-07
27.62000084,8.29767887174181e-07
27.62999916,8.213043431701188e-07
27.63999939,8.129271014750635e-07
27.64999962,8.046353525536274e-07
27.65999985,7.964282655619583e-07
27.67000008,7.883048900758672e-07
27.68000031,7.802644608690452e-07
27.69000053,7.723060535412181e-07
27.70000076,7.64430324571672e-07
27.70999908,7.566335490769713e-07
27.71999931,7.489163011053329e-07
27.72999954,7.412777761443315e-07
27.73999977,7.337172575954377e-07
27.75,7.262338346606448e-07
27.76000023,7.188268150463546e-07
27.77000046,7.114953859976608e-07
27.78000069,7.042387583287009e-07
27.79000092,6.970575376401943e-07
27.79999924,6.899482718990122e-07
27.80999947,6.829115379723901e-07
27.81999969,6.759465702036096e-07
27.82999992,6.690527100062043e-07
27.84000015,6.622291897692601e-07
27.85000038,6.554752842928639e-07
27.86000061,6.487902891804332e-07
27.87000084,6.421747768970703e-07
27.87999916,6.356255178379345e-07
27.88999939,6.291430988624044e-07
27.89999962,6.227268265399578e-07
27.90999985,6.16375999321192e-07
27.92000008,6.100899773045791e-07
27.93000031,6.038681303602561e-07
27.94000053,5.977097199974029e-07
27.95000076,5.916152912053416e-07
27.95999908,5.855819300197952e-07
27.96999931,5.796101259823811e-07
27.97999954,5.736992448724025e-07
27.98999977,5.678486628708583e-07
28.0,5.620578227759404e-07
28.01000023,5.563260015818739e-07
28.02000046,5.506527190994564e-07
28.03000069,5.45037288140291e-07
28.04000092,5.394801738005379e-07
28.04999924,5.339787721101591e-07
28.05999947,5.285334652590565e-07
28.06999969,5.231437025291891e-07
28.07999992,5.17816313556464e-07
28.09000015,5.125583967212874e-07
28.10000038,5.073539366370063e-07
28.11000061,5.022023528881195e-07
28.12000084,4.97104039806615e-07
28.12999916,4.920566192661724e-07
28.13999939,4.870604922175744e-07
28.14999962,4.821150898519877e-07
28.15999985,4.772199630328933e-07
28.17000008,4.723745395607929e-07
28.18000031,4.675783777186508e-07
28.19000053,4.628309388305324e-07
28.20000076,4.581326313257292e-07
28.20999908,4.5348118648620053e-07
28.21999931,4.488770008966071e-07
28.22999954,4.4431955984145533e-07
28.23999977,4.398084550716937e-07
28.25,4.353431748417923e-07
28.26000023,4.3092325683487474e-07
28.27000046,4.265482344610125e-07
28.28000069,4.2221768922936187e-07
28.29000092,4.1793190345125204e-07
28.29999924,4.1368890539165733e-07
28.30999947,4.0948896988615413e-07
28.31999969,4.0533172429769116e-07
28.32999992,4.012167150639533e-07
28.34000015,3.971435284257242e-07
28.35000038,3.931116980816773e-07
28.36000061,3.891208170342768e-07
28.37000084,3.8517123286002937e-07
28.37999916,3.812610637997131e-07
28.38999939,3.773905933900928e-07
28.39999962,3.735594293502978e-07
28.40999985,3.697671871426322e-07
28.42000008,3.660134578582426e-07
28.43000031,3.6229790243813597e-07
28.44000053,3.586200713070982e-07
28.45000076,3.549802428226339e-07
28.45999908,3.513767625305417e-07
28.46999931,3.47809862382875e-07
28.47999954,3.442791955280924e-07
28.48999977,3.407844095086945e-07
28.5,3.37325102877744e-07
28.51000023,3.33900957940267e-07
28.52000046,3.3051157579906373e-07
28.53000069,3.27156604752975e-07
28.54000092,3.238363679544228e-07
28.54999924,3.205492350898048e-07
28.55999947,3.172954723462368e-07
28.56999969,3.1407475171533164e-07
28.57999992,3.108867707003351e-07
28.59000015,3.077311584447873e-07
28.60000038,3.046076016390165e-07
28.61000061,3.015157663915016e-07
28.62000084,2.9845589325070536e-07
28.62999916,2.9542655383607455e-07
28.63999939,2.924279580435282e-07
28.64999962,2.8945983929745224e-07
28.65999985,2.865218618826176e-07
28.67000008,2.836137015739652e-07
28.68000031,2.8073509287433e-07
28.69000053,2.778857414712536e-07
28.70000076,2.750658284227105e-07
28.70999908,2.722740412581947e-07
28.71999931,2.695106098996428e-07
28.72999954,2.66775224131334e-07
28.73999977,2.6406763920535024e-07
28.75,2.613875467617483e-07
28.76000023,2.587346691917853e-07
28.77000046,2.561087302050939e-07
28.78000069,2.5350947566490466e-07
28.79000092,2.509370739154522e-07
28.79999924,2.4839035084888135e-07
28.80999947,2.458694720329592e-07
28.81999969,2.433741922660681e-07
28.82999992,2.409042496958711e-07
28.84000015,2.3845939070788205e-07
28.85000038,2.3603935749518717e-07
28.86000061,2.3364388980277242e-07
28.87000084,2.3127320934956293e-07
28.87999916,2.2892617402591345e-07
28.88999939,2.2660294980372085e-07
28.89999962,2.2430331912315617e-07
28.90999985,2.2202704400830178e-07
28.92000008,2.1977387598972175e-07
28.93000031,2.1754358562030185e-07
28.94000053,2.1533595807913386e-07
28.95000076,2.1315114238703917e-07
28.95999908,2.109881232958829e-07
28.96999931,2.0884703982047878e-07
28.97999954,2.0672772518723659e-07
28.98999977,2.0462991568418658e-07
29.0,2.0255339873818195e-07
29.01000023,2.004979805885083e-07
29.02000046,1.9846341975531114e-07
29.03000069,1.964495301928949e-07
29.04000092,1.94456450092327e-07
29.04999924,1.9248325086048653e-07
29.05999947,1.905300734899101e-07
29.06999969,1.885967219921047e-07
29.07999992,1.866830178481793e-07
29.09000015,1.8478872445708882e-07
29.10000038,1.829136797145535e-07
29.11000061,1.810576706307008e-07
29.12000084,1.7922084252006745e-07
29.12999916,1.774023300065916e-07
29.13999939,1.7560226944296904e-07
29.14999962,1.7382049418811492e-07
29.15999985,1.720567992976019e-07
29.17000008,1.7031102190786618e-07
29.18000031,1.685829622206673e-07
29.19000053,1.6687243446078637e-07
29.20000076,1.6517960808934385e-07
29.20999908,1.635036481411234e-07
29.21999931,1.6184469920959094e-07
29.22999954,1.6020258310881434e-07
29.23999977,1.5857715477790106e-07
29.25,1.5696822119056392e-07
29.26000023,1.5537562295081876e-07
29.27000046,1.537991913962303e-07
29.28000069,1.5223904711992057e-07
29.29000092,1.5069445682428836e-07
29.29999924,1.491655481702235e-07
29.30999947,1.4765216767838797e-07
29.31999969,1.4615413236464657e-07
29.32999992,1.4467131518282493e-07
29.34000015,1.4320355166240478e-07
29.35000038,1.417506839837556e-07
29.36000061,1.403125649007106e-07
29.37000084,1.3888931410372858e-07
29.37999916,1.374802455935442e-07
29.38999939,1.3608548021232166e-07
29.39999962,1.3470486357227406e-07
29.40999985,1.3333827110765884e-07
29.42000008,1.319855484158624e-07
29.43000031,1.306465549846186e-07
29.44000053,1.2932115279365877e-07
29.45000076,1.2800945519742914e-07
29.45999908,1.2671082333589226e-07
29.46999931,1.254253793665454e-07
29.47999954,1.2415297589725782e-07
29.48999977,1.2289348130007205e-07
29.5,1.216467774785934e-07
29.51000023,1.2041273651785898e-07
29.52000046,1.1919121293179401e-07
29.53000069,1.1798230700281073e-07
29.54000092,1.1678545962431125e-07
29.54999924,1.1560075859635409e-07
29.55999947,1.144280725154175e-07
29.56999969,1.1326729491535941e-07
29.57999992,1.1211829558573078e-07
29.59000015,1.109809579979626e-07
29.60000038,1.0985517368985229e-07
29.61000061,1.087408034661932e-07
29.62000084,1.0763795544065793e-07
29.62999916,1.0654610054546365e-07
29.63999939,1.0546531258586215e-07
29.64999962,1.0439550246611828e-07
29.65999985,1.0333654759278617e-07
29.67000008,1.0228834754270425e-07
29.68000031,1.012507781490761e-07
29.69000053,1.002237352568707e-07
29.70000076,9.92073123410531e-08
29.70999908,9.820102169882557e-08
29.71999931,9.720493322819633e-08
29.72999954,9.621895692708114e-08
29.73999977,9.524298748666865e-08
29.75,9.427691772423561e-08
29.76000023,9.332065286649636e-08
29.77000046,9.23741000136856e-08
29.78000069,9.143732205661494e-08
29.79000092,9.050987314247558e-08
29.79999924,8.959184551503905e-08
29.80999947,8.86831292370986e-08
29.81999969,8.778363266675592e-08
29.82999992,8.689327136806235e-08
29.84000015,8.60119385790721e-08
29.85000038,8.513955397848248e-08
29.86000061,8.427601584888352e-08
29.87000084,8.342140235179183e-08
29.87999916,8.257530884378402e-08
29.88999939,8.173779582671109e-08
29.89999962,8.09087789392717e-08
29.90999985,8.008818059181645e-08
29.92000008,7.927590450232182e-08
29.93000031,7.847187353658165e-08
29.94000053,7.767599587063497e-08
29.95000076,7.688834548692761e-08
29.95999908,7.610854498273269e-08
29.96999931,7.53366516650393e-08
29.97999954,7.457258993253504e-08
29.98999977,7.381628558102322e-08
30.0,7.306765112675028e-08
30.01000023,7.23266166662442e-08
30.02000046,7.15947833756821e-08
30.03000069,7.087163434257948e-08
30.04000092,7.01556623908095e-08
30.04999924,6.94469298227477e-08
30.05999947,6.874535939853705e-08
30.06999969,6.805088497806203e-08
30.07999992,6.73634263482263e-08
30.09000015,6.668292038930631e-08
